rank	gene_id	protein_id	protein_length_aa	gene_family	phylogenetic_group	best_hit_accession	best_hit_species	pfam_domains	interpro_domains	functional_annotation	target_class	evalue	identity_pct	query_coverage_pct	phylogenetic_evidence	Larva_TPM	Adult_TPM	Pupa_TPM	Egg_TPM	larva_expression_score	adult_expression_score	pupa_expression_score	egg_expression_score	Larva_expression	rnai_or_chemistry	justification
1	g13783	g13783.t1	235	Trypsin / Peptidase S1	Supported phylogenetic placement (UFBoot 80%; SH-aLRT 76%)	A0A4C1WEL4	Eumeta variegata	PF00089	IPR033116;IPR001314;IPR001254;IPR018114;IPR009003	Trypsin-like serine protease involved in larval dietary protein digestion	DIGESTION	3.63e-136	81.818	93.0	MAFFT + trimAl + IQ-TREE; model=Q.PFAM+G4; UFBoot=80.50%; SH-aLRT=75.61%	1727.3016405	6.288001	0.0	1.200777	100.0	0.36	0.0	0.07	Very High	RNAi	Trypsin-like serine proteases contribute to dietary protein digestion in feeding insect larvae. RNA expression is strongly larva-biased (Larva TPM 1727.3 versus Adult 6.3, Pupa 0.0, and Egg 1.2). Knockdown could reduce proteolytic capacity and limit amino-acid acquisition during feeding. This provides a plausible mechanism for impaired larval growth and development.
2	g14298	g14298.t1	263	Trypsin / Peptidase S1	Supported phylogenetic placement (UFBoot 79%; SH-aLRT 77%)	A0A4C1SD69	Eumeta variegata	PF00089	IPR018114;IPR001314;IPR001254;IPR033116;IPR009003	Trypsin-like serine protease involved in larval dietary protein digestion	DIGESTION	2.91e-143	78.788	100.0	MAFFT + trimAl + IQ-TREE; model=WAG+G4; UFBoot=79.12%; SH-aLRT=76.62%	1355.523633	6.841239	0.0	4.89992	100.0	0.5	0.0	0.36	Very High	RNAi	Trypsin-like serine proteases contribute to dietary protein digestion in feeding insect larvae. RNA expression is strongly larva-biased (Larva TPM 1355.5 versus Adult 6.8, Pupa 0.0, and Egg 4.9). Knockdown could reduce proteolytic capacity and limit amino-acid acquisition during feeding. This provides a plausible mechanism for impaired larval growth and development.
3	g13779	g13779.t1	261	Trypsin / Peptidase S1	Supported phylogenetic placement (UFBoot 74%; SH-aLRT 90%)	A0A4C1WHF6	Eumeta variegata	PF00089	IPR001254;IPR009003;IPR001314;IPR018114	Trypsin-like serine protease involved in larval dietary protein digestion	DIGESTION	1.21e-133	82.553	90.0	MAFFT + trimAl + IQ-TREE; model=WAG+F+G4; UFBoot=73.75%; SH-aLRT=90.17%	1188.6147135	46.978708	16.698737	0.582546	100.0	3.95	1.4	0.05	Very High	RNAi	Trypsin-like serine proteases contribute to dietary protein digestion in feeding insect larvae. RNA expression is strongly larva-biased (Larva TPM 1188.6 versus Adult 47.0, Pupa 16.7, and Egg 0.6). Knockdown could reduce proteolytic capacity and limit amino-acid acquisition during feeding. This provides a plausible mechanism for impaired larval growth and development.
4	g13784	g13784.t1	258	Trypsin / Peptidase S1	Supported phylogenetic placement (UFBoot 86%; SH-aLRT 88%)	A0A4C1WEL4	Eumeta variegata	PF00089	IPR033116;IPR018114;IPR001254;IPR001314;IPR009003	Trypsin-like serine protease involved in larval dietary protein digestion	DIGESTION	1.03e-149	87.083	93.0	MAFFT + trimAl + IQ-TREE; model=WAG+F+I; UFBoot=85.88%; SH-aLRT=88.42%	510.2978565	4.353841	0.197547	0.831743	100.0	0.85	0.04	0.16	Very High	RNAi	Trypsin-like serine proteases contribute to dietary protein digestion in feeding insect larvae. RNA expression is strongly larva-biased (Larva TPM 510.3 versus Adult 4.4, Pupa 0.2, and Egg 0.8). Knockdown could reduce proteolytic capacity and limit amino-acid acquisition during feeding. This provides a plausible mechanism for impaired larval growth and development.
5	g4082	g4082.t1	334	Triacylglycerol lipase	Supported phylogenetic placement (UFBoot 65%; SH-aLRT 90%)	A0A4C1TFB7	Eumeta variegata	PF00151	IPR029058;IPR033906;IPR000734;IPR013818	Lipase involved in dietary lipid hydrolysis during larval feeding	DIGESTION	0.0	86.025	96.0	MAFFT + trimAl + IQ-TREE; model=Q.PFAM+F+G4; UFBoot=65.25%; SH-aLRT=90.06%	676.8028850000001	24.06247	0.115535	0.833746	100.0	3.56	0.02	0.12	Very High	RNAi	Lipases support hydrolysis of dietary lipids during larval feeding and nutrient acquisition. RNA expression is strongly larva-biased (Larva TPM 676.8 versus Adult 24.1, Pupa 0.1, and Egg 0.8). Knockdown could reduce the availability of fatty acids needed for energy production and cellular processes. This provides a plausible digestive vulnerability for RNAi-based control.
6	g4084	g4084.t1	336	Triacylglycerol lipase	Supported phylogenetic placement (UFBoot 70%; SH-aLRT 83%)	A0A4C1TID5	Eumeta variegata	PF00151	IPR029058;IPR033906;IPR000734;IPR013818	Lipase involved in dietary lipid hydrolysis during larval feeding	DIGESTION	0.0	83.881	96.0	MAFFT + trimAl + IQ-TREE; model=WAG+G4; UFBoot=70.50%; SH-aLRT=82.60%	699.496104	8.398048	0.17821	6.570761	100.0	1.2	0.03	0.94	Very High	RNAi	Lipases support hydrolysis of dietary lipids during larval feeding and nutrient acquisition. RNA expression is strongly larva-biased (Larva TPM 699.5 versus Adult 8.4, Pupa 0.2, and Egg 6.6). Knockdown could reduce the availability of fatty acids needed for energy production and cellular processes. This provides a plausible digestive vulnerability for RNAi-based control.
7	g4083	g4083.t1	336	Triacylglycerol lipase	Supported phylogenetic placement (UFBoot 89%; SH-aLRT 93%)	A0A4C1TID5	Eumeta variegata	PF00151	IPR033906;IPR000734;IPR029058;IPR013818	Lipase involved in dietary lipid hydrolysis during larval feeding	DIGESTION	0.0	84.478	96.0	MAFFT + trimAl + IQ-TREE; model=WAG+G4; UFBoot=88.62%; SH-aLRT=93.17%	282.0179055	26.649884	0.057428	0.673757	100.0	9.45	0.02	0.24	Very High	RNAi	Lipases support hydrolysis of dietary lipids during larval feeding and nutrient acquisition. RNA expression is strongly larva-biased (Larva TPM 282.0 versus Adult 26.6, Pupa 0.1, and Egg 0.7). Knockdown could reduce the availability of fatty acids needed for energy production and cellular processes. This provides a plausible digestive vulnerability for RNAi-based control.
8	g14301	g14301.t1	188	Trypsin / Peptidase S1	Supported phylogenetic placement (UFBoot 94%; SH-aLRT 94%)	A0A4C1SD49	Eumeta variegata	PF00089	IPR018114;IPR001314;IPR001254;IPR009003	Trypsin-like serine protease involved in larval dietary protein digestion	DIGESTION	4.72e-115	85.106	99.0	MAFFT + trimAl + IQ-TREE; model=Q.PFAM+G4; UFBoot=93.75%; SH-aLRT=94.06%	113.624595	1.254323	0.0	0.235114	100.0	1.1	0.0	0.21	Very High	RNAi	Trypsin-like serine proteases contribute to dietary protein digestion in feeding insect larvae. RNA expression is strongly larva-biased (Larva TPM 113.6 versus Adult 1.3, Pupa 0.0, and Egg 0.2). Knockdown could reduce proteolytic capacity and limit amino-acid acquisition during feeding. This provides a plausible mechanism for impaired larval growth and development.
9	g18520	g18520.t1	276	Trypsin / Peptidase S1	Supported phylogenetic placement (UFBoot 85%; SH-aLRT 76%)	A0A4C1T8G7	Eumeta variegata	PF00089	IPR001254;IPR009003;IPR033116;IPR001314;IPR018114	Trypsin-like serine protease involved in larval dietary protein digestion	DIGESTION	2.36e-179	89.13	100.0	MAFFT + trimAl + IQ-TREE; model=Q.PFAM+I+G4; UFBoot=84.75%; SH-aLRT=76.15%	275.9909055	2.435528	0.086272	0.052046	100.0	0.88	0.03	0.02	Very High	RNAi	Trypsin-like serine proteases contribute to dietary protein digestion in feeding insect larvae. RNA expression is strongly larva-biased (Larva TPM 276.0 versus Adult 2.4, Pupa 0.1, and Egg 0.1). Knockdown could reduce proteolytic capacity and limit amino-acid acquisition during feeding. This provides a plausible mechanism for impaired larval growth and development.
10	g4086	g4086.t1	334	Triacylglycerol lipase	Supported phylogenetic placement (UFBoot 77%; SH-aLRT 77%)	A0A4C1TFB7	Eumeta variegata	PF00151	IPR000734;IPR029058;IPR033906;IPR013818	Lipase involved in dietary lipid hydrolysis during larval feeding	DIGESTION	0.0	88.509	96.0	MAFFT + trimAl + IQ-TREE; model=LG+F+G4; UFBoot=77.38%; SH-aLRT=76.76%	409.0199	1.016915	0.0	0.0513	100.0	0.25	0.0	0.01	Very High	RNAi	Lipases support hydrolysis of dietary lipids during larval feeding and nutrient acquisition. RNA expression is strongly larva-biased (Larva TPM 409.0 versus Adult 1.0, Pupa 0.0, and Egg 0.1). Knockdown could reduce the availability of fatty acids needed for energy production and cellular processes. This provides a plausible digestive vulnerability for RNAi-based control.
11	g13775	g13775.t1	258	Trypsin / Peptidase S1	Supported phylogenetic placement (UFBoot 75%; SH-aLRT 83%)	A0A4C1WGE0	Eumeta variegata	PF00089	IPR001314;IPR018114;IPR009003;IPR001254	Trypsin-like serine protease involved in larval dietary protein digestion	DIGESTION	2.1900000000000003e-163	96.104	90.0	MAFFT + trimAl + IQ-TREE; model=Q.PFAM+G4; UFBoot=75.00%; SH-aLRT=82.91%	428.587669	22.773907	0.0	0.417555	100.0	5.31	0.0	0.1	Very High	RNAi	Trypsin-like serine proteases contribute to dietary protein digestion in feeding insect larvae. RNA expression is strongly larva-biased (Larva TPM 428.6 versus Adult 22.8, Pupa 0.0, and Egg 0.4). Knockdown could reduce proteolytic capacity and limit amino-acid acquisition during feeding. This provides a plausible mechanism for impaired larval growth and development.
12	g4085	g4085.t1	336	Triacylglycerol lipase	Supported phylogenetic placement (UFBoot 74%; SH-aLRT 90%)	A0A4C1TID5	Eumeta variegata	PF00151	IPR033906;IPR000734;IPR029058;IPR013818	Lipase involved in dietary lipid hydrolysis during larval feeding	DIGESTION	0.0	85.373	96.0	MAFFT + trimAl + IQ-TREE; model=WAG+G4; UFBoot=73.62%; SH-aLRT=90.00%	227.6578185	1.891087	0.348749	0.0	100.0	0.83	0.15	0.0	Very High	RNAi	Lipases support hydrolysis of dietary lipids during larval feeding and nutrient acquisition. RNA expression is strongly larva-biased (Larva TPM 227.7 versus Adult 1.9, Pupa 0.3, and Egg 0.0). Knockdown could reduce the availability of fatty acids needed for energy production and cellular processes. This provides a plausible digestive vulnerability for RNAi-based control.
13	g2862	g2862.t1	301	Lipase	Supported phylogenetic placement (UFBoot 81%; SH-aLRT 80%)	A0ACC1CV66	Dendrolimus kikuchii	PF04083	IPR029058;IPR006693	Lipase involved in dietary lipid hydrolysis during larval feeding	DIGESTION	4.65e-145	68.166	96.0	MAFFT + trimAl + IQ-TREE; model=LG+G4; UFBoot=80.88%; SH-aLRT=79.84%	483.83602	6.323248	0.273495	0.308475	100.0	1.31	0.06	0.06	Very High	RNAi	Lipases support hydrolysis of dietary lipids during larval feeding and nutrient acquisition. RNA expression is strongly larva-biased (Larva TPM 483.8 versus Adult 6.3, Pupa 0.3, and Egg 0.3). Knockdown could reduce the availability of fatty acids needed for energy production and cellular processes. This provides a plausible digestive vulnerability for RNAi-based control.
14	g4081	g4081.t1	299	Triacylglycerol lipase	Supported phylogenetic placement (UFBoot 82%; SH-aLRT 90%)	A0A4C1TF99	Eumeta variegata	PF00151	IPR000734;IPR013818;IPR029058	Lipase involved in dietary lipid hydrolysis during larval feeding	DIGESTION	4.73e-150	68.098	100.0	MAFFT + trimAl + IQ-TREE; model=Q.PFAM+G4; UFBoot=82.50%; SH-aLRT=90.12%	190.3491075	1.282861	0.0	0.188102	100.0	0.67	0.0	0.1	Very High	RNAi	Lipases support hydrolysis of dietary lipids during larval feeding and nutrient acquisition. RNA expression is strongly larva-biased (Larva TPM 190.3 versus Adult 1.3, Pupa 0.0, and Egg 0.2). Knockdown could reduce the availability of fatty acids needed for energy production and cellular processes. This provides a plausible digestive vulnerability for RNAi-based control.
15	g15091	g15091.t1	263	Trypsin / Peptidase S1	Supported phylogenetic placement (UFBoot 79%; SH-aLRT 77%)	A0A4C1SD69	Eumeta variegata	PF00089	IPR001254;IPR033116;IPR001314;IPR018114;IPR009003	Trypsin-like serine protease involved in larval dietary protein digestion	DIGESTION	1.41e-143	79.167	100.0	MAFFT + trimAl + IQ-TREE; model=WAG+G4; UFBoot=78.62%; SH-aLRT=76.74%	126.398883	0.49106	0.0	0.294858	100.0	0.39	0.0	0.23	Very High	RNAi	Trypsin-like serine proteases contribute to dietary protein digestion in feeding insect larvae. RNA expression is strongly larva-biased (Larva TPM 126.4 versus Adult 0.5, Pupa 0.0, and Egg 0.3). Knockdown could reduce proteolytic capacity and limit amino-acid acquisition during feeding. This provides a plausible mechanism for impaired larval growth and development.
16	g19136	g19136.t1	538	Peptidase M17, leucyl aminopeptidase, C-terminal	Supported phylogenetic placement (UFBoot 93%; SH-aLRT 95%)	A0A4C1SUX7	Eumeta variegata	PF00883	IPR000819;IPR011356	Aminopeptidase W07G4.4 in insect biological processes during normal insect development	DIGESTION	0.0	81.818	100.0	MAFFT + trimAl + IQ-TREE; model=LG+F+I+G4; UFBoot=92.62%; SH-aLRT=94.95%	88.5441385	4.331768	0.0	0.068165	100.0	4.89	0.0	0.08	High	RNAi	The candidate is associated with Aminopeptidase W07G4.4 in insect biological processes during normal insect development and is predicted to contribute to digestive function. RNA expression is strongly larva-biased (Larva TPM 88.5 versus Adult 4.3, Pupa 0.0, and Egg 0.1). Knockdown could reduce the corresponding digestive activity and limit nutrient acquisition during feeding. This provides a plausible RNAi mechanism, although functional redundancy should be considered.
17	g14299	g14299.t1	263	Trypsin / Peptidase S1	Supported phylogenetic placement (UFBoot 76%; SH-aLRT 84%)	A0A4C1SD49	Eumeta variegata	PF00089	IPR018114;IPR009003;IPR001254;IPR033116;IPR001314	Trypsin-like serine protease involved in larval dietary protein digestion	DIGESTION	1.6000000000000002e-123	64.773	100.0	MAFFT + trimAl + IQ-TREE; model=WAG+G4; UFBoot=75.50%; SH-aLRT=84.29%	149.59366899999998	0.78344	0.130925	0.156991	100.0	0.52	0.09	0.1	Very High	RNAi	Trypsin-like serine proteases contribute to dietary protein digestion in feeding insect larvae. RNA expression is strongly larva-biased (Larva TPM 149.6 versus Adult 0.8, Pupa 0.1, and Egg 0.2). Knockdown could reduce proteolytic capacity and limit amino-acid acquisition during feeding. This provides a plausible mechanism for impaired larval growth and development.
18	g3686	g3686.t1	262	Trypsin / Peptidase S1	Supported phylogenetic placement (UFBoot 80%; SH-aLRT 83%)	A0A6J1WV74	Galleria mellonella	PF00089	IPR001254;IPR018114;IPR001314;IPR009003;IPR033116	Trypsin-like serine protease involved in larval dietary protein digestion	DIGESTION	2.4299999999999998e-126	69.835	92.0	MAFFT + trimAl + IQ-TREE; model=WAG+G4; UFBoot=79.62%; SH-aLRT=83.24%	127.902697	0.429669	0.093153	0.541889	100.0	0.34	0.07	0.42	Very High	RNAi	Trypsin-like serine proteases contribute to dietary protein digestion in feeding insect larvae. RNA expression is strongly larva-biased (Larva TPM 127.9 versus Adult 0.4, Pupa 0.1, and Egg 0.5). Knockdown could reduce proteolytic capacity and limit amino-acid acquisition during feeding. This provides a plausible mechanism for impaired larval growth and development.
19	g16852	g16852.t1	553	Lipase	Supported phylogenetic placement (UFBoot 93%; SH-aLRT 93%)	A0A4C1V353	Eumeta variegata	PF00135	IPR029058;IPR002018;IPR019826	Lipase involved in dietary lipid hydrolysis during larval feeding	DIGESTION	0.0	76.834	94.0	MAFFT + trimAl + IQ-TREE; model=Q.YEAST+R2; UFBoot=93.38%; SH-aLRT=93.26%	47.8857055	3.280111	0.0	0.0	100.0	6.85	0.0	0.0	High	RNAi	Lipases support hydrolysis of dietary lipids during larval feeding and nutrient acquisition. RNA expression is strongly larva-biased (Larva TPM 47.9 versus Adult 3.3, Pupa 0.0, and Egg 0.0). Knockdown could reduce the availability of fatty acids needed for energy production and cellular processes. This provides a plausible digestive vulnerability for RNAi-based control.
20	g13778	g13778.t1	258	Trypsin / Peptidase S1	Supported phylogenetic placement (UFBoot 90%; SH-aLRT 93%)	A0A4C1WGE0	Eumeta variegata	PF00089	IPR001254;IPR009003;IPR001314;IPR018114	Trypsin-like serine protease involved in larval dietary protein digestion	DIGESTION	2.68e-108	69.264	89.0	MAFFT + trimAl + IQ-TREE; model=WAG+F+G4; UFBoot=90.12%; SH-aLRT=93.00%	74.845555	3.160905	1.098412	0.83926	100.0	4.22	1.47	1.12	High	RNAi	Trypsin-like serine proteases contribute to dietary protein digestion in feeding insect larvae. RNA expression is strongly larva-biased (Larva TPM 74.8 versus Adult 3.2, Pupa 1.1, and Egg 0.8). Knockdown could reduce proteolytic capacity and limit amino-acid acquisition during feeding. This provides a plausible mechanism for impaired larval growth and development.
21	g13777	g13777.t1	258	Trypsin / Peptidase S1	Supported phylogenetic placement (UFBoot 76%; SH-aLRT 89%)	A0A4C1WGE0	Eumeta variegata	PF00089	IPR001254;IPR018114;IPR001314;IPR009003	Trypsin-like serine protease involved in larval dietary protein digestion	DIGESTION	8.030000000000001e-154	91.342	90.0	MAFFT + trimAl + IQ-TREE; model=WAG+F+G4; UFBoot=76.50%; SH-aLRT=89.28%	49.138858	0.989365	0.0	0.11858	100.0	2.01	0.0	0.24	High	RNAi	Trypsin-like serine proteases contribute to dietary protein digestion in feeding insect larvae. RNA expression is strongly larva-biased (Larva TPM 49.1 versus Adult 1.0, Pupa 0.0, and Egg 0.1). Knockdown could reduce proteolytic capacity and limit amino-acid acquisition during feeding. This provides a plausible mechanism for impaired larval growth and development.
22	g15564	g15564.t1	430	Peptidase M14, carboxypeptidase A	Supported phylogenetic placement (UFBoot 76%; SH-aLRT 88%)	A0A4C1SSS0	Eumeta variegata	PF02244;PF00246	IPR000834;IPR003146;IPR057246;IPR036990	Carboxypeptidase B in insect biological processes during normal insect development	DIGESTION	0.0	81.163	100.0	MAFFT + trimAl + IQ-TREE; model=Q.PFAM+G4; UFBoot=76.25%; SH-aLRT=87.81%	107.468892	0.343144	0.0	0.479503	100.0	0.32	0.0	0.45	Very High	RNAi	The candidate is associated with Carboxypeptidase B in insect biological processes during normal insect development and is predicted to contribute to digestive function. RNA expression is strongly larva-biased (Larva TPM 107.5 versus Adult 0.3, Pupa 0.0, and Egg 0.5). Knockdown could reduce the corresponding digestive activity and limit nutrient acquisition during feeding. This provides a plausible RNAi mechanism, although functional redundancy should be considered.
23	g13776	g13776.t1	250	Trypsin / Peptidase S1	Supported phylogenetic placement (UFBoot 79%; SH-aLRT 79%)	A0A4C1WGE0	Eumeta variegata	PF00089	IPR001254;IPR009003;IPR018114;IPR001314	Trypsin-like serine protease involved in larval dietary protein digestion	DIGESTION	2.17e-151	88.261	92.0	MAFFT + trimAl + IQ-TREE; model=Q.PFAM+G4; UFBoot=79.12%; SH-aLRT=79.04%	38.227492	0.144054	0.0	0.0	100.0	0.38	0.0	0.0	High	RNAi	Trypsin-like serine proteases contribute to dietary protein digestion in feeding insect larvae. RNA expression is strongly larva-biased (Larva TPM 38.2 versus Adult 0.1, Pupa 0.0, and Egg 0.0). Knockdown could reduce proteolytic capacity and limit amino-acid acquisition during feeding. This provides a plausible mechanism for impaired larval growth and development.
24	g3621	g3621.t1	952	Aminopeptidase N-type	Supported phylogenetic placement (UFBoot 99%; SH-aLRT 99%)	A0A4C1W5T8	Eumeta variegata	PF01433;PF17900;PF11838	IPR034016;IPR014782;IPR045357;IPR042097;IPR050344;IPR027268;IPR024571;IPR001930	Aminopeptidase in insect biological processes during normal insect development	DIGESTION	0.0	86.149	100.0	MAFFT + trimAl + IQ-TREE; model=WAG+F+I+G4; UFBoot=98.75%; SH-aLRT=99.34%	27.701888	0.951708	0.009078	0.051689	100.0	3.44	0.03	0.19	High	RNAi	The candidate is associated with Aminopeptidase in insect biological processes during normal insect development and is predicted to contribute to digestive function. RNA expression is strongly larva-biased (Larva TPM 27.7 versus Adult 1.0, Pupa 0.0, and Egg 0.1). Knockdown could reduce the corresponding digestive activity and limit nutrient acquisition during feeding. This provides a plausible RNAi mechanism, although functional redundancy should be considered.
25	g8855	g8855.t1	367	Serine protease	Supported phylogenetic placement (UFBoot 79%; SH-aLRT 83%)	A0A4C1V1Z8	Eumeta variegata	PF00079	IPR000215;IPR023796;IPR042178;IPR023795;IPR036186;IPR042185	Protease inhibitor regulating proteolytic activity within insect physiological processes	DIGESTION	0.0	69.674	100.0	MAFFT + trimAl + IQ-TREE; model=Q.YEAST+I+G4; UFBoot=78.62%; SH-aLRT=82.55%	540.9818885	20.673777	48.767898	72.453479	100.0	3.82	9.01	13.39	Very High	RNAi	The candidate is associated with Protease inhibitor regulating proteolytic activity within insect physiological processes and is predicted to contribute to digestive function. RNA expression is strongly larva-biased (Larva TPM 541.0 versus Adult 20.7, Pupa 48.8, and Egg 72.5). Knockdown could reduce the corresponding digestive activity and limit nutrient acquisition during feeding. This provides a plausible RNAi mechanism, although functional redundancy should be considered.
26	g94	g94.t1	328	Peptidase M1 family aminopeptidases	Supported phylogenetic placement (UFBoot 86%; SH-aLRT 93%)	A0A4C1W5T8	Eumeta variegata	PF11838	IPR050344;IPR024571	Aminopeptidase in insect biological processes during normal insect development	DIGESTION	0.0	85.41	100.0	MAFFT + trimAl + IQ-TREE; model=WAG+F+I; UFBoot=86.12%; SH-aLRT=92.58%	32.603824	0.450073	0.031194	0.651206	100.0	1.38	0.1	2.0	High	RNAi	The candidate is associated with Aminopeptidase in insect biological processes during normal insect development and is predicted to contribute to digestive function. RNA expression is strongly larva-biased (Larva TPM 32.6 versus Adult 0.5, Pupa 0.0, and Egg 0.7). Knockdown could reduce the corresponding digestive activity and limit nutrient acquisition during feeding. This provides a plausible RNAi mechanism, although functional redundancy should be considered.
27	g2864	g2864.t1	265	Trypsin / Peptidase S1	Supported phylogenetic placement (UFBoot 88%; SH-aLRT 90%)	A0A4C1SF71	Eumeta variegata	PF00089	IPR018114;IPR001254;IPR033116;IPR009003;IPR001314	Trypsin-like serine protease involved in larval dietary protein digestion	DIGESTION	1.18e-151	72.109	97.0	MAFFT + trimAl + IQ-TREE; model=WAG+G4; UFBoot=87.50%; SH-aLRT=90.06%	20.7818085	0.464144	0.046607	0.0	100.0	2.23	0.22	0.0	High	RNAi	Trypsin-like serine proteases contribute to dietary protein digestion in feeding insect larvae. RNA expression is strongly larva-biased (Larva TPM 20.8 versus Adult 0.5, Pupa 0.0, and Egg 0.0). Knockdown could reduce proteolytic capacity and limit amino-acid acquisition during feeding. This provides a plausible mechanism for impaired larval growth and development.
28	g17633	g17633.t1	408	Lipase	Supported phylogenetic placement (UFBoot 86%; SH-aLRT 89%)	A0A4C1YXT1	Eumeta variegata	PF04083	IPR029058;IPR025483;IPR006693	Lipase involved in dietary lipid hydrolysis during larval feeding	DIGESTION	0.0	76.633	98.0	MAFFT + trimAl + IQ-TREE; model=LG+I+G4; UFBoot=85.88%; SH-aLRT=88.81%	16.7889795	0.0	0.0	0.0	100.0	0.0	0.0	0.0	High	RNAi	Lipases support hydrolysis of dietary lipids during larval feeding and nutrient acquisition. RNA expression is strongly larva-biased (Larva TPM 16.8 versus Adult 0.0, Pupa 0.0, and Egg 0.0). Knockdown could reduce the availability of fatty acids needed for energy production and cellular processes. This provides a plausible digestive vulnerability for RNAi-based control.
29	g19140	g19140.t1	408	Lipase	Supported phylogenetic placement (UFBoot 94%; SH-aLRT 93%)	A0A4C1YXT1	Eumeta variegata	PF04083	IPR025483;IPR029058;IPR006693	Lipase involved in dietary lipid hydrolysis during larval feeding	DIGESTION	0.0	76.131	98.0	MAFFT + trimAl + IQ-TREE; model=LG+I+G4; UFBoot=94.50%; SH-aLRT=92.89%	13.8972615	0.446248	0.0	0.0	100.0	3.21	0.0	0.0	High	RNAi	Lipases support hydrolysis of dietary lipids during larval feeding and nutrient acquisition. RNA expression is strongly larva-biased (Larva TPM 13.9 versus Adult 0.4, Pupa 0.0, and Egg 0.0). Knockdown could reduce the availability of fatty acids needed for energy production and cellular processes. This provides a plausible digestive vulnerability for RNAi-based control.
30	g6193	g6193.t1	415	Peptidase M14, carboxypeptidase A	Supported phylogenetic placement (UFBoot 93%; SH-aLRT 89%)	A0A4C1ZXS9	Eumeta variegata	PF00246;PF02244	IPR000834;IPR036990;IPR003146	Zinc carboxypeptidase A 1 in insect biological processes	DIGESTION	0.0	82.169	100.0	MAFFT + trimAl + IQ-TREE; model=Q.PLANT+G4; UFBoot=93.12%; SH-aLRT=89.20%	27.101701	2.049993	0.305274	0.043864	100.0	7.56	1.13	0.16	High	RNAi	The candidate is associated with Zinc carboxypeptidase A 1 in insect biological processes and is predicted to contribute to digestive function. RNA expression is strongly larva-biased (Larva TPM 27.1 versus Adult 2.0, Pupa 0.3, and Egg 0.0). Knockdown could reduce the corresponding digestive activity and limit nutrient acquisition during feeding. This provides a plausible RNAi mechanism, although functional redundancy should be considered.
31	g13781	g13781.t1	259	Trypsin / Peptidase S1	Supported phylogenetic placement (UFBoot 80%; SH-aLRT 88%)	A0A4C1WDX3	Eumeta variegata	PF00089	IPR033116;IPR018114;IPR001314;IPR001254;IPR009003	Trypsin-like serine protease involved in larval dietary protein digestion	DIGESTION	1.02e-159	87.984	99.0	MAFFT + trimAl + IQ-TREE; model=Q.INSECT+F+G4; UFBoot=79.88%; SH-aLRT=88.10%	15.741475	0.698378	0.091884	0.327055	100.0	4.44	0.58	2.08	High	RNAi	Trypsin-like serine proteases contribute to dietary protein digestion in feeding insect larvae. RNA expression is strongly larva-biased (Larva TPM 15.7 versus Adult 0.7, Pupa 0.1, and Egg 0.3). Knockdown could reduce proteolytic capacity and limit amino-acid acquisition during feeding. This provides a plausible mechanism for impaired larval growth and development.
32	g96	g96.t1	985	Aminopeptidase N-type	Supported phylogenetic placement (UFBoot 86%; SH-aLRT 80%)	A0A4C1W529	Eumeta variegata	PF17900;PF11838;PF01433	IPR034016;IPR045357;IPR027268;IPR042097;IPR024571;IPR001930;IPR014782;IPR050344	Aminopeptidase in insect biological processes during normal insect development	DIGESTION	0.0	88.782	95.0	MAFFT + trimAl + IQ-TREE; model=LG+F+G4; UFBoot=86.25%; SH-aLRT=79.94%	39.9322705	6.900779	0.151282	0.097947	100.0	17.28	0.38	0.25	High	RNAi	The candidate is associated with Aminopeptidase in insect biological processes during normal insect development and is predicted to contribute to digestive function. RNA expression is strongly larva-biased (Larva TPM 39.9 versus Adult 6.9, Pupa 0.2, and Egg 0.1). Knockdown could reduce the corresponding digestive activity and limit nutrient acquisition during feeding. This provides a plausible RNAi mechanism, although functional redundancy should be considered.
33	g16391	g16391.t1	224	Glutathione S-transferase, C-terminal domain superfamily	Supported phylogenetic placement (UFBoot 86%; SH-aLRT 80%)	A0A4C1Z8T8	Eumeta variegata	PF13417;PF00043	IPR036282;IPR036249;IPR010987;IPR004045;IPR040079;IPR004046	Glutathione S-transferase 1 in insect biological processes		1.6599999999999998e-138	82.432	99.0	MAFFT + trimAl + IQ-TREE; model=LG+I+G4; UFBoot=85.50%; SH-aLRT=79.88%	1348.590114	68.600555	61.345255	0.894328	100.0	5.09	4.55	0.07	Very High	RNAi	The candidate is annotated as Glutathione S-transferase 1 in insect biological processes with supporting sequence and functional evidence. RNA expression is strongly larva-biased (Larva TPM 1348.6 versus Adult 68.6, Pupa 61.3, and Egg 0.9). The phylogenetic analysis provides supported phylogenetic placement (ufboot 86%; sh-alrt 80%). The biological effect of RNAi remains to be confirmed experimentally.
34	g14449	g14449.t1	436	Neurotransmitter-gated ion-channel ligand-binding domain superfamily	Supported phylogenetic placement (UFBoot 92%; SH-aLRT 94%)	A0A4C1U540	Eumeta variegata	PF02931	IPR036734;IPR006201;IPR006202;IPR036719;IPR038050	Neurotransmitter-gated ion-channel ligand-binding domain superfamily associated with insect neuronal signalling and physiological regulation	TARGET-SITE	0.0	79.71	95.0	MAFFT + trimAl + IQ-TREE; model=Q.PLANT+G4; UFBoot=92.00%; SH-aLRT=94.20%	219.6557715	384.49142	73.514388	28.886993	57.13	100.0	19.12	7.51	Very High	RNAi	The candidate is annotated as Neurotransmitter-gated ion-channel ligand-binding domain superfamily associated with insect neuronal signalling and physiological regulation, consistent with a receptor or ion-channel function. RNA expression is detectable across stages (Larva TPM 219.7, Adult 384.5, Pupa 73.5, Egg 28.9). RNAi disruption could alter neuronal signalling or other physiological processes controlled by the target. The exact phenotype depends on the protein's biological role and requires experimental validation.
35	g3431	g3431.t1	715	Peptidase M24, C-terminal domain	Supported phylogenetic placement (UFBoot 87%; SH-aLRT 83%)	A0A4C1Y2D1	Eumeta variegata	PF16188;PF00557;PF01321;PF16189	IPR032416;IPR050422;IPR036005;IPR029149;IPR000994;IPR033740;IPR000587	Xaa-Pro aminopeptidase 1 in insect biological processes	DIGESTION	0.0	77.507	99.0	MAFFT + trimAl + IQ-TREE; model=Q.PFAM+G4; UFBoot=86.62%; SH-aLRT=82.61%	18.862436	0.573551	0.158385	0.609415	100.0	3.04	0.84	3.23	High	RNAi	The candidate is associated with Xaa-Pro aminopeptidase 1 in insect biological processes and is predicted to contribute to digestive function. RNA expression is strongly larva-biased (Larva TPM 18.9 versus Adult 0.6, Pupa 0.2, and Egg 0.6). Knockdown could reduce the corresponding digestive activity and limit nutrient acquisition during feeding. This provides a plausible RNAi mechanism, although functional redundancy should be considered.
36	g3411	g3411.t1	91	Trypsin / Peptidase S1	Supported phylogenetic placement (UFBoot 89%; SH-aLRT 85%)	A0A4C1T8G7	Eumeta variegata	PF00089	IPR001254;IPR009003;IPR018114	Trypsin-like serine protease involved in larval dietary protein digestion	DIGESTION	1.47e-42	81.111	99.0	MAFFT + trimAl + IQ-TREE; model=WAG+G4; UFBoot=88.88%; SH-aLRT=84.56%	7.682689	0.087939	0.0	0.0	100.0	1.14	0.0	0.0	Moderate	RNAi	Trypsin-like serine proteases contribute to dietary protein digestion in feeding insect larvae. RNA expression is strongly larva-biased (Larva TPM 7.7 versus Adult 0.1, Pupa 0.0, and Egg 0.0). Knockdown could reduce proteolytic capacity and limit amino-acid acquisition during feeding. This provides a plausible mechanism for impaired larval growth and development.
37	g2844	g2844.t1	408	Lipase	Supported phylogenetic placement (UFBoot 83%; SH-aLRT 84%)	A0A4C1YXT1	Eumeta variegata	PF04083	IPR029058;IPR025483;IPR006693	Lipase involved in dietary lipid hydrolysis during larval feeding	DIGESTION	0.0	79.167	100.0	MAFFT + trimAl + IQ-TREE; model=LG+I+G4; UFBoot=83.38%; SH-aLRT=84.46%	9.2033505	0.892496	0.0	0.393548	100.0	9.7	0.0	4.28	Moderate	RNAi	Lipases support hydrolysis of dietary lipids during larval feeding and nutrient acquisition. RNA expression is strongly larva-biased (Larva TPM 9.2 versus Adult 0.9, Pupa 0.0, and Egg 0.4). Knockdown could reduce the availability of fatty acids needed for energy production and cellular processes. This provides a plausible digestive vulnerability for RNAi-based control.
38	g2865	g2865.t1	171	Trypsin / Peptidase S1	Supported phylogenetic placement (UFBoot 96%; SH-aLRT 96%)	A0A4C1SF71	Eumeta variegata	PF00089	IPR001254;IPR009003;IPR018114;IPR001314	Trypsin-like serine protease involved in larval dietary protein digestion	DIGESTION	1.0400000000000001e-88	70.466	92.0	MAFFT + trimAl + IQ-TREE; model=WAG+G4; UFBoot=96.50%; SH-aLRT=96.26%	6.072286999999999	0.0	0.0	0.0	100.0	0.0	0.0	0.0	Moderate	RNAi	Trypsin-like serine proteases contribute to dietary protein digestion in feeding insect larvae. RNA expression is strongly larva-biased (Larva TPM 6.1 versus Adult 0.0, Pupa 0.0, and Egg 0.0). Knockdown could reduce proteolytic capacity and limit amino-acid acquisition during feeding. This provides a plausible mechanism for impaired larval growth and development.
39	g1470	g1470.t1	1346	Chitin binding domain	Supported phylogenetic placement (UFBoot 90%; SH-aLRT 83%)	A0A4C1ZKB9	Eumeta variegata	PF01607	IPR002557;IPR051940;IPR036508	Probable chitinase 10 in insect biological processes		0.0	62.115	97.0	MAFFT + trimAl + IQ-TREE; model=WAG+F+G4; UFBoot=89.57%; SH-aLRT=83.26%	1346.327038	31.031147	0.783397	2.605823	100.0	2.3	0.06	0.19	Very High	RNAi	The candidate is annotated as Probable chitinase 10 in insect biological processes with supporting sequence and functional evidence. RNA expression is strongly larva-biased (Larva TPM 1346.3 versus Adult 31.0, Pupa 0.8, and Egg 2.6). The phylogenetic analysis provides supported phylogenetic placement (ufboot 90%; sh-alrt 83%). The biological effect of RNAi remains to be confirmed experimentally.
40	g15563	g15563.t1	430	Peptidase M14, carboxypeptidase A	Supported phylogenetic placement (UFBoot 73%; SH-aLRT 78%)	A0A4C1SUH7	Eumeta variegata	PF02244;PF00246	IPR000834;IPR036990;IPR003146;IPR057246	Carboxypeptidase B in insect biological processes during normal insect development	DIGESTION	0.0	88.372	100.0	MAFFT + trimAl + IQ-TREE; model=Q.PFAM+G4; UFBoot=72.75%; SH-aLRT=77.76%	12.865443	0.337475	0.0	0.0	100.0	2.62	0.0	0.0	High	RNAi	The candidate is associated with Carboxypeptidase B in insect biological processes during normal insect development and is predicted to contribute to digestive function. RNA expression is strongly larva-biased (Larva TPM 12.9 versus Adult 0.3, Pupa 0.0, and Egg 0.0). Knockdown could reduce the corresponding digestive activity and limit nutrient acquisition during feeding. This provides a plausible RNAi mechanism, although functional redundancy should be considered.
41	g18260	g18260.t1	748	Ankyrin repeat	Supported phylogenetic placement (UFBoot 90%; SH-aLRT 86%)	A0A4C1XRM5	Eumeta variegata	PF12796;PF00520	IPR002110;IPR036770;IPR052076;IPR005821	Ankyrin repeat associated with insect neuronal signalling and physiological regulation	TARGET-SITE	0.0	90.642	100.0	MAFFT + trimAl + IQ-TREE; model=Q.INSECT+G4; UFBoot=90.12%; SH-aLRT=85.75%	9.222433	5.123915	1.390251	1.394308	100.0	55.56	15.07	15.12	Moderate	RNAi	The candidate is annotated as Ankyrin repeat associated with insect neuronal signalling and physiological regulation, consistent with a receptor or ion-channel function. RNA expression is highest in larvae (Larva TPM 9.2; Adult 5.1, Pupa 1.4, Egg 1.4). RNAi disruption could alter neuronal signalling or other physiological processes controlled by the target. The exact phenotype depends on the protein's biological role and requires experimental validation.
42	g15566	g15566.t1	414	Metallocarboxypeptidase-like, propeptide	Supported phylogenetic placement (UFBoot 82%; SH-aLRT 86%)	A0A4C1SSS2	Eumeta variegata	PF00246;PF02244	IPR036990;IPR000834;IPR003146	Carboxypeptidase A2 in insect biological processes during normal insect development	DIGESTION	0.0	80.288	100.0	MAFFT + trimAl + IQ-TREE; model=Q.PLANT+G4; UFBoot=81.62%; SH-aLRT=85.96%	9.3208095	0.06196	0.0	0.073287	100.0	0.66	0.0	0.79	Moderate	RNAi	The candidate is associated with Carboxypeptidase A2 in insect biological processes during normal insect development and is predicted to contribute to digestive function. RNA expression is strongly larva-biased (Larva TPM 9.3 versus Adult 0.1, Pupa 0.0, and Egg 0.1). Knockdown could reduce the corresponding digestive activity and limit nutrient acquisition during feeding. This provides a plausible RNAi mechanism, although functional redundancy should be considered.
43	g6035	g6035.t1	675	Peptidase M2, peptidyl-dipeptidase A	Supported phylogenetic placement (UFBoot 88%; SH-aLRT 83%)	A0A4C1TW98	Eumeta variegata	PF01401	IPR001548	Angiotensin-converting enzyme in insect biological processes during normal insect development	DIGESTION	0.0	87.963	92.0	MAFFT + trimAl + IQ-TREE; model=LG+G4; UFBoot=87.62%; SH-aLRT=83.47%	12.5875095	1.134891	0.228325	0.079859	100.0	9.02	1.81	0.63	High	RNAi	The candidate is associated with Angiotensin-converting enzyme in insect biological processes during normal insect development and is predicted to contribute to digestive function. RNA expression is strongly larva-biased (Larva TPM 12.6 versus Adult 1.1, Pupa 0.2, and Egg 0.1). Knockdown could reduce the corresponding digestive activity and limit nutrient acquisition during feeding. This provides a plausible RNAi mechanism, although functional redundancy should be considered.
44	g3537	g3537.t1	396	Serine protease	Supported phylogenetic placement (UFBoot 90%; SH-aLRT 86%)	A0A4C1Z4C9	Eumeta variegata	PF00079	IPR042185;IPR042178;IPR000215;IPR023795;IPR023796;IPR036186	Protease inhibitor regulating proteolytic activity within insect physiological processes	DIGESTION	0.0	81.061	100.0	MAFFT + trimAl + IQ-TREE; model=Q.YEAST+G4; UFBoot=90.38%; SH-aLRT=85.99%	164.813174	77.484918	134.724535	125.864738	100.0	47.01	81.74	76.37	Very High	RNAi	The candidate is associated with Protease inhibitor regulating proteolytic activity within insect physiological processes and is predicted to contribute to digestive function. RNA expression is highest in larvae (Larva TPM 164.8; Adult 77.5, Pupa 134.7, Egg 125.9). Knockdown could reduce the corresponding digestive activity and limit nutrient acquisition during feeding. This provides a plausible RNAi mechanism, although functional redundancy should be considered.
45	g13780	g13780.t1	178	Trypsin / Peptidase S1	Supported phylogenetic placement (UFBoot 85%; SH-aLRT 83%)	A0A4C1WHH1	Eumeta variegata	PF00089	IPR018114;IPR001254;IPR009003	Trypsin-like serine protease involved in larval dietary protein digestion	DIGESTION	1.79e-67	74.534	90.0	MAFFT + trimAl + IQ-TREE; model=WAG+F+G4; UFBoot=85.00%; SH-aLRT=83.31%	6.6333025	0.253526	0.882648	0.0	100.0	3.82	13.31	0.0	Moderate	RNAi	Trypsin-like serine proteases contribute to dietary protein digestion in feeding insect larvae. RNA expression is strongly larva-biased (Larva TPM 6.6 versus Adult 0.3, Pupa 0.9, and Egg 0.0). Knockdown could reduce proteolytic capacity and limit amino-acid acquisition during feeding. This provides a plausible mechanism for impaired larval growth and development.
46	g5153	g5153.t1	541	Peptidase M17, leucine aminopeptidase/peptidase B	Supported phylogenetic placement (UFBoot 93%; SH-aLRT 93%)	A0A4C1SWU5	Eumeta variegata	PF00883	IPR011356;IPR000819	Aminopeptidase W07G4.4 in insect biological processes during normal insect development	DIGESTION	0.0	87.016	95.0	MAFFT + trimAl + IQ-TREE; model=LG+F+G4; UFBoot=93.25%; SH-aLRT=93.01%	5.641657	0.183384	0.034121	0.1308	100.0	3.25	0.6	2.32	Moderate	RNAi	The candidate is associated with Aminopeptidase W07G4.4 in insect biological processes during normal insect development and is predicted to contribute to digestive function. RNA expression is strongly larva-biased (Larva TPM 5.6 versus Adult 0.2, Pupa 0.0, and Egg 0.1). Knockdown could reduce the corresponding digestive activity and limit nutrient acquisition during feeding. This provides a plausible RNAi mechanism, although functional redundancy should be considered.
47	g14161	g14161.t1	437	Trypsin / Peptidase S1	Supported phylogenetic placement (UFBoot 95%; SH-aLRT 93%)	A0A4C1V3W7	Eumeta variegata	PF00089	IPR035976;IPR001254;IPR001314;IPR018114;IPR009003	Modular serine protease in insect biological processes	DIGESTION	0.0	80.822	100.0	MAFFT + trimAl + IQ-TREE; model=WAG+R3; UFBoot=94.88%; SH-aLRT=93.29%	6.449383	6.029226	2.111949	3.098402	100.0	93.49	32.75	48.04	Moderate	RNAi	Trypsin-like serine proteases contribute to dietary protein digestion in feeding insect larvae. RNA expression is highest in larvae (Larva TPM 6.4; Adult 6.0, Pupa 2.1, Egg 3.1). Knockdown could reduce proteolytic capacity and limit amino-acid acquisition during feeding. This provides a plausible mechanism for impaired larval growth and development.
48	g7361	g7361.t1	153	Chitin binding domain	Supported phylogenetic placement (UFBoot 78%; SH-aLRT 84%)	A0A4C1TWG3	Eumeta variegata	PF01607	IPR002557;IPR051940;IPR036508	Chitin-binding type-2 domain-containing protein in insect biological processes		2.82e-79	76.974	99.0	MAFFT + trimAl + IQ-TREE; model=DAYHOFF+I+G4; UFBoot=78.00%; SH-aLRT=84.50%	88.6604445	3.024985	0.096411	1.564905	100.0	3.41	0.11	1.77	High	RNAi	The candidate is annotated as Chitin-binding type-2 domain-containing protein in insect biological processes with supporting sequence and functional evidence. RNA expression is strongly larva-biased (Larva TPM 88.7 versus Adult 3.0, Pupa 0.1, and Egg 1.6). The phylogenetic analysis provides supported phylogenetic placement (ufboot 78%; sh-alrt 84%). The biological effect of RNAi remains to be confirmed experimentally.
49	g2100	g2100.t1	319	Triacylglycerol lipase	Supported phylogenetic placement (UFBoot 75%; SH-aLRT 85%)	A0A4C1SI89	Eumeta variegata	PF00151	IPR000734;IPR013818;IPR029058	Lipase involved in dietary lipid hydrolysis during larval feeding	DIGESTION	0.0	87.898	98.0	MAFFT + trimAl + IQ-TREE; model=LG+G4; UFBoot=75.25%; SH-aLRT=85.00%	7.9381835	3.838732	6.485388	0.19137	100.0	48.36	81.7	2.41	Moderate	RNAi	Lipases support hydrolysis of dietary lipids during larval feeding and nutrient acquisition. RNA expression is highest in larvae (Larva TPM 7.9; Adult 3.8, Pupa 6.5, Egg 0.2). Knockdown could reduce the availability of fatty acids needed for energy production and cellular processes. This provides a plausible digestive vulnerability for RNAi-based control.
50	g97	g97.t1	739	Peptidase M1, membrane alanine aminopeptidase	Supported phylogenetic placement (UFBoot 88%; SH-aLRT 86%)	A0A4C1W4H9	Eumeta variegata	PF01433;PF17900;PF11838	IPR014782;IPR045357;IPR042097;IPR001930;IPR024571;IPR034016;IPR050344;IPR027268	Aminopeptidase in insect biological processes during normal insect development	DIGESTION	0.0	86.024	99.0	MAFFT + trimAl + IQ-TREE; model=Q.YEAST+I+G4; UFBoot=88.00%; SH-aLRT=85.62%	10.963767	2.649589	6.076364	1.469091	100.0	24.17	55.42	13.4	High	RNAi	The candidate is associated with Aminopeptidase in insect biological processes during normal insect development and is predicted to contribute to digestive function. RNA expression is highest in larvae (Larva TPM 11.0; Adult 2.6, Pupa 6.1, Egg 1.5). Knockdown could reduce the corresponding digestive activity and limit nutrient acquisition during feeding. This provides a plausible RNAi mechanism, although functional redundancy should be considered.
51	g8856	g8856.t1	394	Serine protease	Supported phylogenetic placement (UFBoot 90%; SH-aLRT 89%)	A0A4C1V0P1	Eumeta variegata	PF00079	IPR023796;IPR023795;IPR000215;IPR036186;IPR042185;IPR042178	Protease inhibitor regulating proteolytic activity within insect physiological processes	DIGESTION	0.0	75.35	91.0	MAFFT + trimAl + IQ-TREE; model=Q.PLANT+G4; UFBoot=89.75%; SH-aLRT=88.70%	128.368944	163.242752	99.576625	26.322084	78.64	100.0	61.0	16.12	Very High	RNAi	The candidate is associated with Protease inhibitor regulating proteolytic activity within insect physiological processes and is predicted to contribute to digestive function. RNA expression is detectable across stages (Larva TPM 128.4, Adult 163.2, Pupa 99.6, Egg 26.3). Knockdown could reduce the corresponding digestive activity and limit nutrient acquisition during feeding. This provides a plausible RNAi mechanism, although functional redundancy should be considered.
52	g16245	g16245.t1	423	Serine protease	Supported phylogenetic placement (UFBoot 90%; SH-aLRT 85%)	A0A4C1Z3B3	Eumeta variegata	PF00079	IPR023796;IPR036186;IPR042185;IPR023795;IPR000215;IPR042178	Protease inhibitor regulating proteolytic activity within insect physiological processes	DIGESTION	0.0	66.274	100.0	MAFFT + trimAl + IQ-TREE; model=CPREV+G4; UFBoot=90.00%; SH-aLRT=85.04%	32.353282	23.56905	14.740628	2.127294	100.0	72.85	45.56	6.58	High	RNAi	The candidate is associated with Protease inhibitor regulating proteolytic activity within insect physiological processes and is predicted to contribute to digestive function. RNA expression is highest in larvae (Larva TPM 32.4; Adult 23.6, Pupa 14.7, Egg 2.1). Knockdown could reduce the corresponding digestive activity and limit nutrient acquisition during feeding. This provides a plausible RNAi mechanism, although functional redundancy should be considered.
53	g16796	g16796.t1	470	Peptidase S10, serine carboxypeptidase	Supported phylogenetic placement (UFBoot 90%; SH-aLRT 94%)	A0ABR3HCD7	Loxostege sticticalis	PF00450	IPR001563;IPR029058;IPR018202;IPR033124	Carboxypeptidase in insect biological processes during normal insect development	DIGESTION	0.0	76.674	98.0	MAFFT + trimAl + IQ-TREE; model=CPREV+I+R2; UFBoot=90.12%; SH-aLRT=94.10%	108.2315455	185.58348	55.770814	226.023776	47.89	82.11	24.67	100.0	Very High	RNAi	The candidate is associated with Carboxypeptidase in insect biological processes during normal insect development and is predicted to contribute to digestive function. RNA expression is detectable across stages (Larva TPM 108.2, Adult 185.6, Pupa 55.8, Egg 226.0). Knockdown could reduce the corresponding digestive activity and limit nutrient acquisition during feeding. This provides a plausible RNAi mechanism, although functional redundancy should be considered.
54	g16392	g16392.t1	224	Glutathione transferase family	Supported phylogenetic placement (UFBoot 90%; SH-aLRT 85%)	A0A4C1Z354	Eumeta variegata	PF13417;PF00043	IPR040079;IPR036282;IPR004045;IPR036249;IPR004046;IPR010987	Glutathione S-transferase 1 in insect biological processes		4.9e-126	75.446	100.0	MAFFT + trimAl + IQ-TREE; model=LG+I+G4; UFBoot=90.38%; SH-aLRT=85.31%	257.0171635	57.079851	26.147158	0.0	100.0	22.21	10.17	0.0	Very High	RNAi	The candidate is annotated as Glutathione S-transferase 1 in insect biological processes with supporting sequence and functional evidence. RNA expression is strongly larva-biased (Larva TPM 257.0 versus Adult 57.1, Pupa 26.1, and Egg 0.0). The phylogenetic analysis provides supported phylogenetic placement (ufboot 90%; sh-alrt 85%). The biological effect of RNAi remains to be confirmed experimentally.
55	g7468	g7468.t1	1038	Peptidase M4/M1, CTD superfamily	Supported phylogenetic placement (UFBoot 67%; SH-aLRT 71%)	A0A4C1W8E5	Eumeta variegata	PF11838;PF17900;PF01433	IPR027268;IPR050344;IPR024571;IPR045357;IPR042097;IPR014782	Membrane alanyl aminopeptidase in insect biological processes	DIGESTION	0.0	80.98	98.0	MAFFT + trimAl + IQ-TREE; model=Q.YEAST+F+I+G4; UFBoot=67.00%; SH-aLRT=71.41%	8.287495999999999	1.736346	0.159032	0.285844	100.0	20.95	1.92	3.45	Moderate	RNAi	The candidate is associated with Membrane alanyl aminopeptidase in insect biological processes and is predicted to contribute to digestive function. RNA expression is strongly larva-biased (Larva TPM 8.3 versus Adult 1.7, Pupa 0.2, and Egg 0.3). Knockdown could reduce the corresponding digestive activity and limit nutrient acquisition during feeding. This provides a plausible RNAi mechanism, although functional redundancy should be considered.
56	g1541	g1541.t1	380	Trypsin / Peptidase S1	Supported phylogenetic placement (UFBoot 90%; SH-aLRT 92%)	A0A4C1UM74	Eumeta variegata	PF12032;PF00089	IPR022700;IPR018114;IPR051487;IPR001254;IPR009003;IPR033116;IPR001314;IPR038565	CLIP domain-containing serine protease in insect biological processes	DIGESTION	0.0	83.646	98.0	MAFFT + trimAl + IQ-TREE; model=JTTDCMUT+G4; UFBoot=90.12%; SH-aLRT=91.89%	9.62788	22.143895	2.556578	1.479108	43.48	100.0	11.55	6.68	Moderate	RNAi	Trypsin-like serine proteases contribute to dietary protein digestion in feeding insect larvae. RNA expression is detectable across stages (Larva TPM 9.6, Adult 22.1, Pupa 2.6, Egg 1.5). Knockdown could reduce proteolytic capacity and limit amino-acid acquisition during feeding. This provides a plausible mechanism for impaired larval growth and development.
57	g10898	g10898.t1	454	Peptidase S10, serine carboxypeptidase	Supported phylogenetic placement (UFBoot 81%; SH-aLRT 87%)	A0A4C1U2C6	Eumeta variegata	PF00450	IPR001563;IPR029058	Retinoid-inducible serine carboxypeptidase in insect biological processes	DIGESTION	0.0	85.242	100.0	MAFFT + trimAl + IQ-TREE; model=CPREV+I+G4; UFBoot=80.62%; SH-aLRT=86.56%	3.974127	0.683291	0.548165	0.153452	100.0	17.19	13.79	3.86	Moderate	RNAi	The candidate is associated with Retinoid-inducible serine carboxypeptidase in insect biological processes and is predicted to contribute to digestive function. RNA expression is strongly larva-biased (Larva TPM 4.0 versus Adult 0.7, Pupa 0.5, and Egg 0.2). Knockdown could reduce the corresponding digestive activity and limit nutrient acquisition during feeding. This provides a plausible RNAi mechanism, although functional redundancy should be considered.
58	g3709	g3709.t1	360	Triacylglycerol lipase	Supported phylogenetic placement (UFBoot 86%; SH-aLRT 85%)	A0A4C1UDU1	Eumeta variegata	PF00151	IPR029058;IPR013818;IPR000734	Lipase involved in dietary lipid hydrolysis during larval feeding	DIGESTION	0.0	83.611	100.0	MAFFT + trimAl + IQ-TREE; model=LG+I+G4; UFBoot=85.62%; SH-aLRT=85.09%	1.183558	0.219319	0.055181	0.0	100.0	18.53	4.66	0.0	Moderate	RNAi	Lipases support hydrolysis of dietary lipids during larval feeding and nutrient acquisition. RNA expression is strongly larva-biased (Larva TPM 1.2 versus Adult 0.2, Pupa 0.1, and Egg 0.0). Knockdown could reduce the availability of fatty acids needed for energy production and cellular processes. This provides a plausible digestive vulnerability for RNAi-based control.
59	g4994	g4994.t1	153	Nucleoside diphosphate kinase	Supported phylogenetic placement (UFBoot 66%; SH-aLRT 66%)	A0A4C1VV52	Eumeta variegata	PF00334	IPR034907;IPR036850;IPR023005;IPR001564	Nucleoside diphosphate kinase in insect biological processes		3.86e-109	97.386	100.0	MAFFT + trimAl + IQ-TREE; model=CPREV+G4; UFBoot=66.25%; SH-aLRT=66.33%	8703.031348	4017.159674	2214.440843	7701.696418	100.0	46.16	25.44	88.49	Very High	RNAi	The candidate is annotated as Nucleoside diphosphate kinase in insect biological processes with supporting sequence and functional evidence. RNA expression is highest in larvae (Larva TPM 8703.0; Adult 4017.2, Pupa 2214.4, Egg 7701.7). The phylogenetic analysis provides supported phylogenetic placement (ufboot 66%; sh-alrt 66%). The biological effect of RNAi remains to be confirmed experimentally.
60	g2210	g2210.t1	394	Trypsin / Peptidase S1	Supported phylogenetic placement (UFBoot 76%; SH-aLRT 67%)	A0ABN8IKT8	Iphiclides podalirius	PF00089;PF00431	IPR001254;IPR000859;IPR035914;IPR001314;IPR009003;IPR018114	Venom serine protease 34 in insect biological processes	DIGESTION	3.7900000000000004e-179	60.925	99.0	MAFFT + trimAl + IQ-TREE; model=WAG+F+G4; UFBoot=76.50%; SH-aLRT=67.30%	5.8894405	0.761559	1.690614	0.129185	100.0	12.93	28.71	2.19	Moderate	RNAi	Trypsin-like serine proteases contribute to dietary protein digestion in feeding insect larvae. RNA expression is strongly larva-biased (Larva TPM 5.9 versus Adult 0.8, Pupa 1.7, and Egg 0.1). Knockdown could reduce proteolytic capacity and limit amino-acid acquisition during feeding. This provides a plausible mechanism for impaired larval growth and development.
61	g17097	g17097.t1	418	Protein kinase-like domain superfamily	Supported phylogenetic placement (UFBoot 90%; SH-aLRT 89%)	A0A4C1YDZ7	Eumeta variegata	PF02958	IPR011009;IPR015897;IPR004119	CHK kinase-like domain-containing protein in insect biological processes		0.0	74.677	93.0	MAFFT + trimAl + IQ-TREE; model=Q.YEAST+I+G4; UFBoot=89.75%; SH-aLRT=88.62%	46.5807945	4.12091	0.399505	0.0	100.0	8.85	0.86	0.0	High	RNAi	The candidate is annotated as CHK kinase-like domain-containing protein in insect biological processes with supporting sequence and functional evidence. RNA expression is strongly larva-biased (Larva TPM 46.6 versus Adult 4.1, Pupa 0.4, and Egg 0.0). The phylogenetic analysis provides supported phylogenetic placement (ufboot 90%; sh-alrt 89%). The biological effect of RNAi remains to be confirmed experimentally.
62	g4114	g4114.t1	226	Glutathione S-transferase, C-terminal-like	Supported phylogenetic placement (UFBoot 93%; SH-aLRT 91%)	A0A4C1Z8Z0	Eumeta variegata	PF13410;PF13417	IPR010987;IPR036249;IPR004045;IPR036282;IPR040079	Glutathione S-transferase 1 in insect biological processes		2.11e-140	79.646	100.0	MAFFT + trimAl + IQ-TREE; model=LG+G4; UFBoot=93.25%; SH-aLRT=91.44%	720.107534	575.011003	227.129596	90.865046	100.0	79.85	31.54	12.62	Very High	RNAi	The candidate is annotated as Glutathione S-transferase 1 in insect biological processes with supporting sequence and functional evidence. RNA expression is highest in larvae (Larva TPM 720.1; Adult 575.0, Pupa 227.1, Egg 90.9). The phylogenetic analysis provides supported phylogenetic placement (ufboot 93%; sh-alrt 91%). The biological effect of RNAi remains to be confirmed experimentally.
63	g3535	g3535.t1	429	Serine protease	Supported phylogenetic placement (UFBoot 84%; SH-aLRT 80%)	A0A4C1Z130	Eumeta variegata	PF00079	IPR042178;IPR000215;IPR036186;IPR023796;IPR042185	Protease inhibitor regulating proteolytic activity within insect physiological processes	DIGESTION	0.0	78.555	100.0	MAFFT + trimAl + IQ-TREE; model=Q.YEAST+I+G4; UFBoot=83.62%; SH-aLRT=80.20%	77.4750165	211.017532	124.657795	130.482436	36.71	100.0	59.07	61.83	High	RNAi	The candidate is associated with Protease inhibitor regulating proteolytic activity within insect physiological processes and is predicted to contribute to digestive function. RNA expression is detectable across stages (Larva TPM 77.5, Adult 211.0, Pupa 124.7, Egg 130.5). Knockdown could reduce the corresponding digestive activity and limit nutrient acquisition during feeding. This provides a plausible RNAi mechanism, although functional redundancy should be considered.
64	g16240	g16240.t1	399	Serine protease	Supported phylogenetic placement (UFBoot 80%; SH-aLRT 76%)	A0A4C1ZIZ2	Eumeta variegata	PF00079	IPR023796;IPR036186;IPR042178;IPR000215;IPR042185	Protease inhibitor regulating proteolytic activity within insect physiological processes	DIGESTION	0.0	67.885	96.0	MAFFT + trimAl + IQ-TREE; model=Q.YEAST+G4; UFBoot=80.50%; SH-aLRT=76.17%	124.0467305	131.163631	38.156364	84.59652	94.57	100.0	29.09	64.5	Very High	RNAi	The candidate is associated with Protease inhibitor regulating proteolytic activity within insect physiological processes and is predicted to contribute to digestive function. RNA expression is detectable across stages (Larva TPM 124.0, Adult 131.2, Pupa 38.2, Egg 84.6). Knockdown could reduce the corresponding digestive activity and limit nutrient acquisition during feeding. This provides a plausible RNAi mechanism, although functional redundancy should be considered.
65	g3430	g3430.t1	320	Creatinase/Aminopeptidase P/Spt16, N-terminal	Supported phylogenetic placement (UFBoot 86%; SH-aLRT 82%)	A0A4C1Y2D1	Eumeta variegata	PF16189;PF01321	IPR029149;IPR050422;IPR000587	Xaa-Pro aminopeptidase 1 in insect biological processes	DIGESTION	0.0	83.735	100.0	MAFFT + trimAl + IQ-TREE; model=Q.PFAM+G4; UFBoot=86.38%; SH-aLRT=81.65%	2.7296985	0.420833	0.178394	0.0	100.0	15.42	6.54	0.0	Moderate	RNAi	The candidate is associated with Xaa-Pro aminopeptidase 1 in insect biological processes and is predicted to contribute to digestive function. RNA expression is strongly larva-biased (Larva TPM 2.7 versus Adult 0.4, Pupa 0.2, and Egg 0.0). Knockdown could reduce the corresponding digestive activity and limit nutrient acquisition during feeding. This provides a plausible RNAi mechanism, although functional redundancy should be considered.
66	g6292	g6292.t1	348	Trypsin / Peptidase S1	Supported phylogenetic placement (UFBoot 90%; SH-aLRT 91%)	A0A4C1SS19	Eumeta variegata	PF00089;PF12032	IPR009003;IPR001314;IPR001254;IPR022700;IPR038565;IPR033116;IPR051487;IPR018114	CLIP domain-containing serine protease in insect biological processes	DIGESTION	0.0	77.401	99.0	MAFFT + trimAl + IQ-TREE; model=JTTDCMUT+G4; UFBoot=90.12%; SH-aLRT=91.05%	8.2217775	19.98773	2.290557	13.242291	41.13	100.0	11.46	66.25	Moderate	RNAi	Trypsin-like serine proteases contribute to dietary protein digestion in feeding insect larvae. RNA expression is detectable across stages (Larva TPM 8.2, Adult 20.0, Pupa 2.3, Egg 13.2). Knockdown could reduce proteolytic capacity and limit amino-acid acquisition during feeding. This provides a plausible mechanism for impaired larval growth and development.
67	g4123	g4123.t1	190	Signal peptidase complex subunit 2	Supported phylogenetic placement (UFBoot 71%; SH-aLRT 80%)	A0A4C1U445	Eumeta variegata	PF06703	IPR009582	Signal peptidase complex subunit 2 in insect biological processes	DIGESTION	5.6200000000000005e-129	93.684	100.0	MAFFT + trimAl + IQ-TREE; model=Q.PLANT+R2; UFBoot=71.12%; SH-aLRT=80.46%	77.083439	82.575556	35.379104	191.373679	40.28	43.15	18.49	100.0	High	RNAi	The candidate is associated with Signal peptidase complex subunit 2 in insect biological processes and is predicted to contribute to digestive function. RNA expression is detectable across stages (Larva TPM 77.1, Adult 82.6, Pupa 35.4, Egg 191.4). Knockdown could reduce the corresponding digestive activity and limit nutrient acquisition during feeding. This provides a plausible RNAi mechanism, although functional redundancy should be considered.
68	g13356	g13356.t1	139	Signal peptidase complex subunit 3	Supported phylogenetic placement (UFBoot 65%; SH-aLRT 59%)	A0ABN8ITD3	Iphiclides podalirius	PF04573	IPR007653	Signal peptidase complex subunit 3 in insect biological processes	DIGESTION	1.24e-88	90.58	99.0	MAFFT + trimAl + IQ-TREE; model=VT+I; UFBoot=65.29%; SH-aLRT=59.19%	203.17101	223.715333	121.271871	424.708247	47.84	52.68	28.55	100.0	Very High	RNAi	The candidate is associated with Signal peptidase complex subunit 3 in insect biological processes and is predicted to contribute to digestive function. RNA expression is detectable across stages (Larva TPM 203.2, Adult 223.7, Pupa 121.3, Egg 424.7). Knockdown could reduce the corresponding digestive activity and limit nutrient acquisition during feeding. This provides a plausible RNAi mechanism, although functional redundancy should be considered.
69	g3539	g3539.t1	245	Serine protease	Supported phylogenetic placement (UFBoot 90%; SH-aLRT 89%)	A0A4C1YZY8	Eumeta variegata	PF00079	IPR023795;IPR042185;IPR042178;IPR000215;IPR036186;IPR023796	Protease inhibitor regulating proteolytic activity within insect physiological processes	DIGESTION	1.16e-127	71.605	99.0	MAFFT + trimAl + IQ-TREE; model=Q.YEAST+G4; UFBoot=90.00%; SH-aLRT=88.51%	15.5639945	19.538899	10.091519	0.0	79.66	100.0	51.65	0.0	High	RNAi	The candidate is associated with Protease inhibitor regulating proteolytic activity within insect physiological processes and is predicted to contribute to digestive function. RNA expression is detectable across stages (Larva TPM 15.6, Adult 19.5, Pupa 10.1, Egg 0.0). Knockdown could reduce the corresponding digestive activity and limit nutrient acquisition during feeding. This provides a plausible RNAi mechanism, although functional redundancy should be considered.
70	g3538	g3538.t1	369	Serine protease	Supported phylogenetic placement (UFBoot 89%; SH-aLRT 85%)	A0A4C1Z440	Eumeta variegata	PF00079	IPR042185;IPR042178;IPR023795;IPR023796;IPR000215;IPR036186	Protease inhibitor regulating proteolytic activity within insect physiological processes	DIGESTION	0.0	73.641	99.0	MAFFT + trimAl + IQ-TREE; model=Q.PLANT+G4; UFBoot=89.38%; SH-aLRT=85.14%	8.1944065	0.509542	0.0	9.392793	87.24	5.42	0.0	100.0	Moderate	RNAi	The candidate is associated with Protease inhibitor regulating proteolytic activity within insect physiological processes and is predicted to contribute to digestive function. RNA expression is detectable across stages (Larva TPM 8.2, Adult 0.5, Pupa 0.0, Egg 9.4). Knockdown could reduce the corresponding digestive activity and limit nutrient acquisition during feeding. This provides a plausible RNAi mechanism, although functional redundancy should be considered.
71	g4477	g4477.t1	151	Membrane associated eicosanoid/glutathione metabolism-like domain superfamily	Supported phylogenetic placement (UFBoot 78%; SH-aLRT 79%)	A0A4C1SZL2	Eumeta variegata	PF01124	IPR023352;IPR040162;IPR001129	Microsomal glutathione S-transferase 1 in insect biological processes		1.09e-78	82.781	100.0	MAFFT + trimAl + IQ-TREE; model=MTZOA+G4; UFBoot=78.50%; SH-aLRT=79.09%	612.579258	206.773025	77.777586	420.520142	100.0	33.75	12.7	68.65	Very High	RNAi	The candidate is annotated as Microsomal glutathione S-transferase 1 in insect biological processes with supporting sequence and functional evidence. RNA expression is highest in larvae (Larva TPM 612.6; Adult 206.8, Pupa 77.8, Egg 420.5). The phylogenetic analysis provides supported phylogenetic placement (ufboot 78%; sh-alrt 79%). The biological effect of RNAi remains to be confirmed experimentally.
72	g18546	g18546.t1	250	Bactericidal permeability-increasing protein, alpha/beta domain superfamily	Supported phylogenetic placement (UFBoot 87%; SH-aLRT 88%)	A0A4C1U938	Eumeta variegata	PF06585	IPR017943;IPR038606;IPR010562	Circadian clock-controlled protein in insect biological processes		1.5e-146	81.275	100.0	MAFFT + trimAl + IQ-TREE; model=Q.PFAM+G4; UFBoot=86.75%; SH-aLRT=88.09%	15.601589	0.169437	0.102654	0.342792	100.0	1.09	0.66	2.2	High	RNAi	The candidate is annotated as Circadian clock-controlled protein in insect biological processes with supporting sequence and functional evidence. RNA expression is strongly larva-biased (Larva TPM 15.6 versus Adult 0.2, Pupa 0.1, and Egg 0.3). The phylogenetic analysis provides supported phylogenetic placement (ufboot 87%; sh-alrt 88%). The biological effect of RNAi remains to be confirmed experimentally.
73	g16396	g16396.t1	334	Alpha/Beta hydrolase fold	Supported phylogenetic placement (UFBoot 83%; SH-aLRT 79%)	A0ABN8J582	Iphiclides podalirius	PF00450	IPR029058;IPR001563	Retinoid-inducible serine carboxypeptidase in insect biological processes	DIGESTION	2.53e-165	75.235	94.0	MAFFT + trimAl + IQ-TREE; model=Q.PFAM+G4; UFBoot=83.00%; SH-aLRT=78.69%	5.3209115	0.647882	1.283396	4.422911	100.0	12.18	24.12	83.12	Moderate	RNAi	The candidate is associated with Retinoid-inducible serine carboxypeptidase in insect biological processes and is predicted to contribute to digestive function. RNA expression is highest in larvae (Larva TPM 5.3; Adult 0.6, Pupa 1.3, Egg 4.4). Knockdown could reduce the corresponding digestive activity and limit nutrient acquisition during feeding. This provides a plausible RNAi mechanism, although functional redundancy should be considered.
74	g6034	g6034.t3	382	Peptidase M2, peptidyl-dipeptidase A	Supported phylogenetic placement (UFBoot 81%; SH-aLRT 89%)	A0A8J9VST8	Brenthis ino	PF01401	IPR001548	Angiotensin-converting enzyme in insect biological processes during normal insect development	DIGESTION	0.0	82.902	100.0	MAFFT + trimAl + IQ-TREE; model=LG+G4; UFBoot=81.12%; SH-aLRT=89.05%	15.8034895	26.148207	12.586141	28.660527	55.14	91.23	43.91	100.0	High	RNAi	The candidate is associated with Angiotensin-converting enzyme in insect biological processes during normal insect development and is predicted to contribute to digestive function. RNA expression is detectable across stages (Larva TPM 15.8, Adult 26.1, Pupa 12.6, Egg 28.7). Knockdown could reduce the corresponding digestive activity and limit nutrient acquisition during feeding. This provides a plausible RNAi mechanism, although functional redundancy should be considered.
75	g15779	g15779.t1	216	Glutathione S-transferase, C-terminal	Supported phylogenetic placement (UFBoot 82%; SH-aLRT 86%)	A0A4C1X2M3	Eumeta variegata	PF00043;PF13417	IPR004046;IPR040079;IPR036249;IPR036282;IPR004045;IPR010987	Glutathione S-transferase 1, isoform D in insect biological processes		1.72e-140	87.5	100.0	MAFFT + trimAl + IQ-TREE; model=Q.PLANT+G4; UFBoot=81.62%; SH-aLRT=85.91%	56.286061	10.02879	5.95222	7.026562	100.0	17.82	10.57	12.48	High	RNAi	The candidate is annotated as Glutathione S-transferase 1, isoform D in insect biological processes with supporting sequence and functional evidence. RNA expression is strongly larva-biased (Larva TPM 56.3 versus Adult 10.0, Pupa 6.0, and Egg 7.0). The phylogenetic analysis provides supported phylogenetic placement (ufboot 82%; sh-alrt 86%). The biological effect of RNAi remains to be confirmed experimentally.
76	g1854	g1854.t1	408	Ecdysteroid kinase-like	Supported phylogenetic placement (UFBoot 76%; SH-aLRT 86%)	A0A4C1YY61	Eumeta variegata	PF02958	IPR004119;IPR011009;IPR015897	CHK kinase-like domain-containing protein in insect biological processes		0.0	77.696	100.0	MAFFT + trimAl + IQ-TREE; model=Q.PLANT+F+G4; UFBoot=75.88%; SH-aLRT=85.92%	16.244294	1.087722	0.0	0.0	100.0	6.7	0.0	0.0	High	RNAi	The candidate is annotated as CHK kinase-like domain-containing protein in insect biological processes with supporting sequence and functional evidence. RNA expression is strongly larva-biased (Larva TPM 16.2 versus Adult 1.1, Pupa 0.0, and Egg 0.0). The phylogenetic analysis provides supported phylogenetic placement (ufboot 76%; sh-alrt 86%). The biological effect of RNAi remains to be confirmed experimentally.
77	g10012	g10012.t1	754	Leucine-rich repeat protein	Supported phylogenetic placement (UFBoot 97%; SH-aLRT 98%)	A0A4C1TF09	Eumeta variegata	PF13855;PF13516	IPR032675;IPR001611;IPR050328;IPR003591	Insulin-like growth factor-binding protein complex acid labile subunit		0.0	88.727	100.0	MAFFT + trimAl + IQ-TREE; model=Q.INSECT+F+G4; UFBoot=97.00%; SH-aLRT=97.84%	41.1867885	16.860627	11.740469	8.455475	100.0	40.94	28.51	20.53	High	RNAi	The candidate is annotated as Insulin-like growth factor-binding protein complex acid labile subunit with supporting sequence and functional evidence. RNA expression is strongly larva-biased (Larva TPM 41.2 versus Adult 16.9, Pupa 11.7, and Egg 8.5). The phylogenetic analysis provides supported phylogenetic placement (ufboot 97%; sh-alrt 98%). The biological effect of RNAi remains to be confirmed experimentally.
78	g4895	g4895.t1	164	Protein kinase-like domain superfamily	Supported phylogenetic placement (UFBoot 84%; SH-aLRT 83%)	A0A4C1W8L2	Eumeta variegata	PF02958	IPR011009;IPR004119	CHK kinase-like domain-containing protein in insect biological processes		5.47e-94	79.268	100.0	MAFFT + trimAl + IQ-TREE; model=Q.YEAST+I+G4; UFBoot=83.62%; SH-aLRT=82.66%	20.466838000000003	3.480051	1.913512	0.0	100.0	17.0	9.35	0.0	High	RNAi	The candidate is annotated as CHK kinase-like domain-containing protein in insect biological processes with supporting sequence and functional evidence. RNA expression is strongly larva-biased (Larva TPM 20.5 versus Adult 3.5, Pupa 1.9, and Egg 0.0). The phylogenetic analysis provides supported phylogenetic placement (ufboot 84%; sh-alrt 83%). The biological effect of RNAi remains to be confirmed experimentally.
79	g17098	g17098.t1	421	Ecdysteroid kinase-like	Supported phylogenetic placement (UFBoot 86%; SH-aLRT 80%)	A0A4C1YA79	Eumeta variegata	PF02958	IPR004119;IPR011009;IPR015897	CHK kinase-like domain-containing protein in insect biological processes		0.0	73.872	100.0	MAFFT + trimAl + IQ-TREE; model=Q.PLANT+I+G4; UFBoot=85.88%; SH-aLRT=79.74%	14.899605	1.281523	0.0	0.0	100.0	8.6	0.0	0.0	High	RNAi	The candidate is annotated as CHK kinase-like domain-containing protein in insect biological processes with supporting sequence and functional evidence. RNA expression is strongly larva-biased (Larva TPM 14.9 versus Adult 1.3, Pupa 0.0, and Egg 0.0). The phylogenetic analysis provides supported phylogenetic placement (ufboot 86%; sh-alrt 80%). The biological effect of RNAi remains to be confirmed experimentally.
80	g2464	g2464.t1	368	UDP-glucuronosyl/UDP-glucosyltransferase	Supported phylogenetic placement (UFBoot 90%; SH-aLRT 93%)	A0A4C1YFG7	Eumeta variegata	PF00201	IPR002213;IPR050271	Ecdysteroid UDP-glucosyltransferase in insect biological processes during normal insect development		0.0	82.173	98.0	MAFFT + trimAl + IQ-TREE; model=LG+G4; UFBoot=90.38%; SH-aLRT=92.91%	94.9675055	32.034441	86.541101	15.588703	100.0	33.73	91.13	16.41	High	RNAi	The candidate is annotated as Ecdysteroid UDP-glucosyltransferase in insect biological processes during normal insect development with supporting sequence and functional evidence. RNA expression is highest in larvae (Larva TPM 95.0; Adult 32.0, Pupa 86.5, Egg 15.6). The phylogenetic analysis provides supported phylogenetic placement (ufboot 90%; sh-alrt 93%). The biological effect of RNAi remains to be confirmed experimentally.
81	g1247	g1247.t1	173	Xaa-Pro dipeptidase-like	Supported phylogenetic placement (UFBoot 64%; SH-aLRT 72%)	A0AAD7YKZ8	Mythimna separata	PF05195	IPR052433;IPR007865;IPR029149	Xaa-Pro dipeptidase in insect biological processes during normal insect development	DIGESTION	6.14e-93	75.723	100.0	MAFFT + trimAl + IQ-TREE; model=JTTDCMUT+G4; UFBoot=64.25%; SH-aLRT=71.70%	2.8948465	1.37244	0.668104	1.267143	100.0	47.41	23.08	43.77	Moderate	RNAi	The candidate is associated with Xaa-Pro dipeptidase in insect biological processes during normal insect development and is predicted to contribute to digestive function. RNA expression is strongly larva-biased (Larva TPM 2.9 versus Adult 1.4, Pupa 0.7, and Egg 1.3). Knockdown could reduce the corresponding digestive activity and limit nutrient acquisition during feeding. This provides a plausible RNAi mechanism, although functional redundancy should be considered.
82	g11500	g11500.t1	414	Glycoside hydrolase family 18, catalytic domain	Supported phylogenetic placement (UFBoot 88%; SH-aLRT 84%)	Q9GV28	Bombyx mori	PF00704	IPR001223;IPR029070;IPR050314;IPR011583;IPR017853	Chitinase-like protein EN03 in insect biological processes		0.0	72.662	94.0	MAFFT + trimAl + IQ-TREE; model=Q.PFAM+G4; UFBoot=87.62%; SH-aLRT=84.10%	124.3871185	69.752895	72.885152	14.474529	100.0	56.08	58.6	11.64	Very High	RNAi	The candidate is annotated as Chitinase-like protein EN03 in insect biological processes with supporting sequence and functional evidence. RNA expression is highest in larvae (Larva TPM 124.4; Adult 69.8, Pupa 72.9, Egg 14.5). The phylogenetic analysis provides supported phylogenetic placement (ufboot 88%; sh-alrt 84%). The biological effect of RNAi remains to be confirmed experimentally.
83	g2734	g2734.t1	468	Mitochondrial processing peptidase	Supported phylogenetic placement (UFBoot 82%; SH-aLRT 76%)	A0A4C1TFN7	Eumeta variegata	PF00675;PF05193	IPR011249;IPR011765;IPR001431;IPR050361;IPR007863	Mitochondrial-processing peptidase subunit beta in insect biological processes		0.0	97.65	100.0	MAFFT + trimAl + IQ-TREE; model=LG+G4; UFBoot=81.62%; SH-aLRT=75.74%	959.316066	570.405533	3209.629893	1207.409597	29.89	17.77	100.0	37.62	Very High	RNAi	The candidate is annotated as Mitochondrial-processing peptidase subunit beta in insect biological processes with supporting sequence and functional evidence. RNA expression is detectable across stages (Larva TPM 959.3, Adult 570.4, Pupa 3209.6, Egg 1207.4). The phylogenetic analysis provides supported phylogenetic placement (ufboot 82%; sh-alrt 76%). The biological effect of RNAi remains to be confirmed experimentally.
84	g15833	g15833.t1	605	Leucine-rich repeat protein	Supported phylogenetic placement (UFBoot 90%; SH-aLRT 85%)	A0A4C1X464	Eumeta variegata	PF13855;PF01582	IPR000157;IPR003591;IPR032675;IPR001611;IPR035897	Toll-like receptor 6 in insect biological processes		0.0	83.967	100.0	MAFFT + trimAl + IQ-TREE; model=Q.INSECT+I+G4; UFBoot=89.62%; SH-aLRT=85.35%	7.245507	0.824441	0.414102	0.99707	100.0	11.38	5.72	13.76	Moderate	RNAi	The candidate is annotated as Toll-like receptor 6 in insect biological processes with supporting sequence and functional evidence. RNA expression is strongly larva-biased (Larva TPM 7.2 versus Adult 0.8, Pupa 0.4, and Egg 1.0). The phylogenetic analysis provides supported phylogenetic placement (ufboot 90%; sh-alrt 85%). The biological effect of RNAi remains to be confirmed experimentally.
85	g18787	g18787.t1	558	Immunoglobulin-like protein	Supported phylogenetic placement (UFBoot 91%; SH-aLRT 86%)	A0A4C1SRI5	Eumeta variegata	PF00704;PF08329	IPR001579;IPR029070;IPR050314;IPR001223;IPR014756;IPR011583;IPR017853;IPR013783;IPR013540	Chitinase A in insect biological processes during normal insect development		0.0	95.602	94.0	MAFFT + trimAl + IQ-TREE; model=WAG+G4; UFBoot=90.75%; SH-aLRT=85.74%	243.9927945	67.340617	405.265564	441.189159	55.3	15.26	91.86	100.0	Very High	RNAi	The candidate is annotated as Chitinase A in insect biological processes during normal insect development with supporting sequence and functional evidence. RNA expression is detectable across stages (Larva TPM 244.0, Adult 67.3, Pupa 405.3, Egg 441.2). The phylogenetic analysis provides supported phylogenetic placement (ufboot 91%; sh-alrt 86%). The biological effect of RNAi remains to be confirmed experimentally.
86	g4893	g4893.t1	399	Protein kinase-like domain superfamily	Supported phylogenetic placement (UFBoot 93%; SH-aLRT 94%)	A0A4C1W8H4	Eumeta variegata	PF02958	IPR011009;IPR004119;IPR015897	CHK kinase-like domain-containing protein in insect biological processes		0.0	74.937	100.0	MAFFT + trimAl + IQ-TREE; model=LG+I+G4; UFBoot=93.38%; SH-aLRT=94.47%	9.1028925	1.460517	4.539151	0.376946	100.0	16.04	49.86	4.14	Moderate	RNAi	The candidate is annotated as CHK kinase-like domain-containing protein in insect biological processes with supporting sequence and functional evidence. RNA expression is strongly larva-biased (Larva TPM 9.1 versus Adult 1.5, Pupa 4.5, and Egg 0.4). The phylogenetic analysis provides supported phylogenetic placement (ufboot 93%; sh-alrt 94%). The biological effect of RNAi remains to be confirmed experimentally.
87	g13522	g13522.t1	855	Leucine-rich repeat protein	Supported phylogenetic placement (UFBoot 88%; SH-aLRT 92%)	A0A4C1UMJ1	Eumeta variegata	PF01582;PF13855	IPR035897;IPR017241;IPR000157;IPR003591;IPR001611;IPR032675	Toll-like receptor 4 in insect biological processes		0.0	92.279	95.0	MAFFT + trimAl + IQ-TREE; model=Q.YEAST+I+G4; UFBoot=88.00%; SH-aLRT=92.29%	15.413192	9.005398	6.201716	3.063881	100.0	58.43	40.24	19.88	High	RNAi	The candidate is annotated as Toll-like receptor 4 in insect biological processes with supporting sequence and functional evidence. RNA expression is highest in larvae (Larva TPM 15.4; Adult 9.0, Pupa 6.2, Egg 3.1). The phylogenetic analysis provides supported phylogenetic placement (ufboot 88%; sh-alrt 92%). The biological effect of RNAi remains to be confirmed experimentally.
88	g10834	g10834.t1	258	Larval/pupal cuticle protein	Supported phylogenetic placement (UFBoot 67%; SH-aLRT 72%)	A0A4C1ZSN6	Eumeta variegata	PF00379	IPR050468;IPR000618	Adult-specific rigid cuticular protein 12.6 in insect biological processes		1.07e-128	90.31	100.0	MAFFT + trimAl + IQ-TREE; model=Q.PLANT+F+R2; UFBoot=66.86%; SH-aLRT=71.89%	490.5116335	114.676275	1407.250823	16.673086	34.86	8.15	100.0	1.18	Very High	RNAi	The candidate is annotated as Adult-specific rigid cuticular protein 12.6 in insect biological processes with supporting sequence and functional evidence. RNA expression is detectable across stages (Larva TPM 490.5, Adult 114.7, Pupa 1407.3, Egg 16.7). The phylogenetic analysis provides supported phylogenetic placement (ufboot 67%; sh-alrt 72%). The biological effect of RNAi remains to be confirmed experimentally.
89	g13179	g13179.t1	219	Drosophila Developmental Transcription Regulators	Supported phylogenetic placement (UFBoot 68%; SH-aLRT 76%)	A0A4C1UYD8	Eumeta variegata	PF00651	IPR051095;IPR000210;IPR011333	Modifier of mdg4 in insect biological processes		6.55e-156	99.543	100.0	MAFFT + trimAl + IQ-TREE; model=Q.PLANT+I+G4; UFBoot=67.75%; SH-aLRT=75.97%	388.888801	3161.162146	819.98316	4265.846469	9.12	74.1	19.22	100.0	Very High	RNAi	The candidate is annotated as Modifier of mdg4 in insect biological processes with supporting sequence and functional evidence. RNA expression is detectable across stages (Larva TPM 388.9, Adult 3161.2, Pupa 820.0, Egg 4265.8). The phylogenetic analysis provides supported phylogenetic placement (ufboot 68%; sh-alrt 76%). The biological effect of RNAi remains to be confirmed experimentally.
90	g15120	g15120.t1	393	Cytochrome P450, E-class, group I	Supported phylogenetic placement (UFBoot 85%; SH-aLRT 84%)	A0A4C1XS72	Eumeta variegata	PF00067	IPR002401;IPR001128;IPR036396;IPR050479;IPR017972	Cytochrome P450 CYP12A2 in insect biological processes		0.0	71.694	98.0	MAFFT + trimAl + IQ-TREE; model=Q.PLANT+G4; UFBoot=85.25%; SH-aLRT=83.61%	7.938988500000001	2.161212	1.667171	0.0	100.0	27.22	21.0	0.0	Moderate	RNAi	The candidate is annotated as Cytochrome P450 CYP12A2 in insect biological processes with supporting sequence and functional evidence. RNA expression is strongly larva-biased (Larva TPM 7.9 versus Adult 2.2, Pupa 1.7, and Egg 0.0). The phylogenetic analysis provides supported phylogenetic placement (ufboot 85%; sh-alrt 84%). The biological effect of RNAi remains to be confirmed experimentally.
91	g8852	g8852.t1	243	Adenylate kinase/UMP-CMP kinase	Supported phylogenetic placement (UFBoot 65%; SH-aLRT 59%)	Q1HQK0	Aedes aegypti	PF05191;PF00406	IPR000850;IPR027417;IPR007862;IPR028587;IPR033690;IPR006259	Adenylate kinase in insect biological processes during normal insect development		1.8699999999999998e-134	76.05	98.0	MAFFT + trimAl + IQ-TREE; model=LG+G4; UFBoot=65.38%; SH-aLRT=58.86%	191.0923335	127.491923	89.998699	169.080281	100.0	66.72	47.1	88.48	Very High	RNAi	The candidate is annotated as Adenylate kinase in insect biological processes during normal insect development with supporting sequence and functional evidence. RNA expression is highest in larvae (Larva TPM 191.1; Adult 127.5, Pupa 90.0, Egg 169.1). The phylogenetic analysis provides supported phylogenetic placement (ufboot 65%; sh-alrt 59%). The biological effect of RNAi remains to be confirmed experimentally.
92	g1101	g1101.t2	536	Pyruvate kinase, C-terminal	Supported phylogenetic placement (UFBoot 72%; SH-aLRT 78%)	A0A4C1X6I1	Eumeta variegata	PF02887;PF00224	IPR015795;IPR036918;IPR011037;IPR001697;IPR015806;IPR040442;IPR015813;IPR018209;IPR015793	Pyruvate kinase in insect biological processes during normal insect development		0.0	91.771	99.0	MAFFT + trimAl + IQ-TREE; model=JTTDCMUT+G4; UFBoot=72.12%; SH-aLRT=77.50%	29.3133755	11.100951	13.824122	17.020047	100.0	37.87	47.16	58.06	High	RNAi	The candidate is annotated as Pyruvate kinase in insect biological processes during normal insect development with supporting sequence and functional evidence. RNA expression is highest in larvae (Larva TPM 29.3; Adult 11.1, Pupa 13.8, Egg 17.0). The phylogenetic analysis provides supported phylogenetic placement (ufboot 72%; sh-alrt 78%). The biological effect of RNAi remains to be confirmed experimentally.
93	g3804	g3804.t1	914	Immunoglobulin-like protein	Supported phylogenetic placement (UFBoot 89%; SH-aLRT 95%)	A0A4C1WCW2	Eumeta variegata	PF13855;PF13927	IPR007110;IPR001611;IPR050541;IPR032675;IPR003591;IPR003599;IPR036179;IPR013783;IPR003598	Leucine-rich repeat and immunoglobulin-like domain-containing nogo receptor-interacting protein 2		0.0	87.746	100.0	MAFFT + trimAl + IQ-TREE; model=Q.PLANT+I+G4; UFBoot=89.00%; SH-aLRT=94.55%	56.67241	87.832201	79.928801	139.582374	40.6	62.92	57.26	100.0	High	RNAi	The candidate is annotated as Leucine-rich repeat and immunoglobulin-like domain-containing nogo receptor-interacting protein 2 with supporting sequence and functional evidence. RNA expression is detectable across stages (Larva TPM 56.7, Adult 87.8, Pupa 79.9, Egg 139.6). The phylogenetic analysis provides supported phylogenetic placement (ufboot 89%; sh-alrt 95%). The biological effect of RNAi remains to be confirmed experimentally.
94	g19654	g19654.t1	260	Nuclear receptor-binding factor 2	Supported phylogenetic placement (UFBoot 84%; SH-aLRT 91%)	A0A4C1Y749	Eumeta variegata	PF17169	IPR039679;IPR033393	Nuclear receptor-binding factor 2 in insect biological processes		3.4200000000000002e-164	87.5	100.0	MAFFT + trimAl + IQ-TREE; model=Q.INSECT+G4; UFBoot=84.38%; SH-aLRT=90.90%	58.8967385	218.302529	130.88029	188.412962	26.98	100.0	59.95	86.31	High	RNAi	The candidate is annotated as Nuclear receptor-binding factor 2 in insect biological processes with supporting sequence and functional evidence. RNA expression is detectable across stages (Larva TPM 58.9, Adult 218.3, Pupa 130.9, Egg 188.4). The phylogenetic analysis provides supported phylogenetic placement (ufboot 84%; sh-alrt 91%). The biological effect of RNAi remains to be confirmed experimentally.
95	g4892	g4892.t1	402	Protein kinase-like domain superfamily	Supported phylogenetic placement (UFBoot 80%; SH-aLRT 81%)	A0A4C1W6C4	Eumeta variegata	PF02958	IPR011009;IPR015897;IPR004119	CHK kinase-like domain-containing protein in insect biological processes		0.0	74.436	99.0	MAFFT + trimAl + IQ-TREE; model=LG+I+G4; UFBoot=79.75%; SH-aLRT=81.08%	17.2275435	14.920968	7.837821	0.176399	100.0	86.61	45.5	1.02	High	RNAi	The candidate is annotated as CHK kinase-like domain-containing protein in insect biological processes with supporting sequence and functional evidence. RNA expression is highest in larvae (Larva TPM 17.2; Adult 14.9, Pupa 7.8, Egg 0.2). The phylogenetic analysis provides supported phylogenetic placement (ufboot 80%; sh-alrt 81%). The biological effect of RNAi remains to be confirmed experimentally.
96	g14934	g14934.t1	386	AdipoR/Haemolysin-III-related	Supported phylogenetic placement (UFBoot 58%; SH-aLRT 58%)	A0A0L7LBW4	Operophtera brumata	PF03006	IPR004254	ADIPOR-like receptor in insect biological processes during normal insect development		0.0	95.337	100.0	MAFFT + trimAl + IQ-TREE; model=Q.PLANT+I; UFBoot=57.83%; SH-aLRT=57.85%	146.5631805	324.154356	375.234285	241.893948	39.06	86.39	100.0	64.46	Very High	RNAi	The candidate is annotated as ADIPOR-like receptor in insect biological processes during normal insect development with supporting sequence and functional evidence. RNA expression is detectable across stages (Larva TPM 146.6, Adult 324.2, Pupa 375.2, Egg 241.9). The phylogenetic analysis provides supported phylogenetic placement (ufboot 58%; sh-alrt 58%). The biological effect of RNAi remains to be confirmed experimentally.
97	g17827	g17827.t1	1020	Mitochondrial presequence protease	Supported phylogenetic placement (UFBoot 80%; SH-aLRT 86%)	A0A4C1ZL26	Eumeta variegata	PF08367;PF22516;PF00675;PF05193	IPR011249;IPR013578;IPR055130;IPR011765;IPR007863	Presequence protease, mitochondrial in insect biological processes		0.0	92.369	99.0	MAFFT + trimAl + IQ-TREE; model=Q.YEAST+I+G4; UFBoot=79.75%; SH-aLRT=86.21%	21.235717	90.936339	35.809158	134.774019	15.76	67.47	26.57	100.0	High	RNAi	The candidate is annotated as Presequence protease, mitochondrial in insect biological processes with supporting sequence and functional evidence. RNA expression is detectable across stages (Larva TPM 21.2, Adult 90.9, Pupa 35.8, Egg 134.8). The phylogenetic analysis provides supported phylogenetic placement (ufboot 80%; sh-alrt 86%). The biological effect of RNAi remains to be confirmed experimentally.
98	g152	g152.t1	256	G-protein coupled receptor Dmsr-1	Supported phylogenetic placement (UFBoot 72%; SH-aLRT 61%)	A0A4C1VEI9	Eumeta variegata	PF10324	IPR053219;IPR017452;IPR019427;IPR000276	Sex peptide receptor in insect biological processes		0.0	96.484	100.0	MAFFT + trimAl + IQ-TREE; model=JTT+G4; UFBoot=72.25%; SH-aLRT=60.91%	64.928206	65.448349	25.093072	136.357024	47.62	48.0	18.4	100.0	High	RNAi	The candidate is annotated as Sex peptide receptor in insect biological processes with supporting sequence and functional evidence. RNA expression is detectable across stages (Larva TPM 64.9, Adult 65.4, Pupa 25.1, Egg 136.4). The phylogenetic analysis provides supported phylogenetic placement (ufboot 72%; sh-alrt 61%). The biological effect of RNAi remains to be confirmed experimentally.
99	g5044	g5044.t1	1063	Protein kinase domain	Supported phylogenetic placement (UFBoot 78%; SH-aLRT 85%)	A0AAV1K2K6	Leptosia nina	PF14843;PF01030;PF07714	IPR000719;IPR009030;IPR032778;IPR006212;IPR017441;IPR001245;IPR000494;IPR036941;IPR011009;IPR050122;IPR020635;IPR008266	Receptor protein-tyrosine kinase in insect biological processes		0.0	77.943	100.0	MAFFT + trimAl + IQ-TREE; model=JTTDCMUT+R2; UFBoot=77.83%; SH-aLRT=85.18%	13.7535295	12.638607	30.911877	208.547784	6.59	6.06	14.82	100.0	High	RNAi	The candidate is annotated as Receptor protein-tyrosine kinase in insect biological processes with supporting sequence and functional evidence. RNA expression is detectable across stages (Larva TPM 13.8, Adult 12.6, Pupa 30.9, Egg 208.5). The phylogenetic analysis provides supported phylogenetic placement (ufboot 78%; sh-alrt 85%). The biological effect of RNAi remains to be confirmed experimentally.
100	g9091	g9091.t1	726	Zinc finger, NHR/GATA-type	Supported phylogenetic placement (UFBoot 83%; SH-aLRT 77%)	O01639	Choristoneura fumiferana	PF00104;PF00105	IPR013088;IPR000536;IPR001728;IPR001628;IPR035500;IPR050234;IPR001723	Ecdysone-inducible protein E75 in insect biological processes		0.0	85.399	100.0	MAFFT + trimAl + IQ-TREE; model=JTT+I+R2; UFBoot=83.38%; SH-aLRT=77.47%	9.9016155	16.476993	15.538609	235.063804	4.21	7.01	6.61	100.0	Moderate	RNAi	The candidate is annotated as Ecdysone-inducible protein E75 in insect biological processes with supporting sequence and functional evidence. RNA expression is detectable across stages (Larva TPM 9.9, Adult 16.5, Pupa 15.5, Egg 235.1). The phylogenetic analysis provides supported phylogenetic placement (ufboot 83%; sh-alrt 77%). The biological effect of RNAi remains to be confirmed experimentally.
