qseqid	accession	retrieved	sequence_length
g17827.t1	A0A4C1ZL26	True	1076
g17827.t1	A0AAU9TCR6	True	1018
g17827.t1	A0A0L7LHC8	True	1402
g17827.t1	A0A8B8HVM0	True	1017
g17827.t1	A0AAV1LEW8	True	1014
g17827.t1	A0A6J1WPL2	True	1014
g17827.t1	A0A8S4G1B6	True	1012
g17827.t1	A0ABQ7R6I8	True	1012
g17827.t1	A0A8R2R3P3	True	1016
g17827.t1	A0A6J2KKG6	True	1016
g96.t1	A0A4C1W529	True	949
g96.t1	A0A8S3XUU4	True	2776
g96.t1	A0ABN8J030	True	1835
g96.t1	A0AAV1LW37	True	948
g96.t1	A0A194QEK1	True	948
g96.t1	A0A6J2K2L8	True	945
g96.t1	A0A8R2QZA9	True	1898
g96.t1	I3VR73	True	945
g96.t1	A0ACC1D415	True	4744
g96.t1	A0A922CTI3	True	947
g7468.t1	A0A4C1W8E5	True	1056
g7468.t1	A0A286LQ00	True	984
g7468.t1	A0ACC1D3U6	True	984
g7468.t1	A0A6J2K3G2	True	987
g7468.t1	I3VR82	True	987
g7468.t1	A0A8R1THL5	True	987
g7468.t1	A0AAV1LYA9	True	974
g7468.t1	A0A6J1WTG5	True	985
g7468.t1	A0AAD7YW19	True	1818
g7468.t1	A0A9J7IU01	True	1403
g5044.t1	A0AAV1K2K6	True	1448
g5044.t1	A0ABN8B149	True	1457
g5044.t1	A0AAV1L3B6	True	1451
g5044.t1	A0ACC1DK66	True	1451
g5044.t1	A0A8R2ANC8	True	1449
g5044.t1	A0A6J2JY50	True	1449
g5044.t1	A0ABD0TRA5	True	1457
g5044.t1	A0ABD0TR61	True	1433
g5044.t1	A0A8R2LYB1	True	1450
g5044.t1	A0A6J2K074	True	1450
g3621.t1	A0A4C1W5T8	True	998
g3621.t1	A0A8S3XSS1	True	949
g3621.t1	A0AAV1LY17	True	1916
g3621.t1	A0AAV1LUD6	True	1922
g3621.t1	A0A8R2C9Y8	True	949
g3621.t1	A0A6J2K556	True	946
g3621.t1	A0ABM4AJ98	True	944
g3621.t1	B2LS41	True	951
g3621.t1	G9C5G4	True	953
g3621.t1	B5A8X9	True	951
g3804.t1	A0A4C1WCW2	True	912
g3804.t1	A0ABN8IE77	True	925
g3804.t1	A0A0N0PC16	True	920
g3804.t1	A0A194Q756	True	925
g3804.t1	A0ACC2QNF1	True	913
g3804.t1	A0A8S3X044	True	929
g3804.t1	A0A6J1WE29	True	916
g3804.t1	A0AAV1L5L0	True	929
g3804.t1	A0A8J9VB72	True	920
g3804.t1	A0A6J1N1N9	True	914
g13522.t1	A0A4C1UMJ1	True	1008
g13522.t1	A0A2W1BXS4	True	854
g13522.t1	A0ABN8I3U0	True	923
g13522.t1	A0A9J7E2C9	True	853
g13522.t1	A0A9R0D8G3	True	853
g13522.t1	A0A9P0I401	True	853
g13522.t1	A0ACC1CT46	True	856
g13522.t1	A0AAV1KX99	True	861
g13522.t1	A0A346RAG4	True	855
g13522.t1	A0A0L7LGF1	True	854
g18260.t1	A0A4C1XRM5	True	941
g18260.t1	A0ACC1CIM7	True	1188
g18260.t1	A0ABN8B993	True	1183
g18260.t1	A0A9P0CB92	True	870
g18260.t1	A0A9P0C731	True	1214
g18260.t1	A0ABR3H960	True	1215
g18260.t1	A0A6J2K562	True	1189
g18260.t1	A0ACC2Q854	True	1008
g18260.t1	A0A8R2AM17	True	1189
g18260.t1	A0A8R2G9U4	True	1182
g10012.t1	A0A4C1TF09	True	754
g10012.t1	A0A9P0N4H5	True	753
g10012.t1	A0A9J7E3U7	True	1259
g10012.t1	A0A835GRU7	True	1299
g10012.t1	A0A0L7LFH5	True	1234
g10012.t1	A0A6J2JSQ2	True	753
g10012.t1	A0A7E5VUR4	True	755
g10012.t1	A0A821NJN3	True	743
g10012.t1	A0A8R2QV95	True	1252
g10012.t1	A0AAV1J598	True	744
g97.t1	A0A4C1W4H9	True	892
g97.t1	A0ACC0JKF5	True	950
g97.t1	A0ACF8KYY5	True	927
g97.t1	A0A194QD77	True	926
g97.t1	A0A194QK74	True	928
g97.t1	A0ABN8EF55	True	928
g97.t1	A0ABN8LD34	True	899
g97.t1	A0A5J6KIF4	True	928
g97.t1	A0A8S3XUU4	True	2776
g97.t1	A0A8B8HHI3	True	931
g1470.t1	A0A4C1ZKB9	True	1187
g1470.t1	A0A4C1XF36	True	963
g1470.t1	A0ACC0KZ64	True	1668
g1470.t1	A0ABD2AIG0	True	2117
g1470.t1	A0ABD2D075	True	2488
g1470.t1	A0ACC0KZN9	True	2120
g1470.t1	A0AAD7Y744	True	863
g1470.t1	A0ACC0KYI9	True	1644
g1470.t1	A0ACC0KZ94	True	1776
g1470.t1	A0ACC0KYU9	True	1659
g6035.t1	A0A4C1TW98	True	738
g6035.t1	A0A8B8HWU8	True	664
g6035.t1	A0ABM3MHB2	True	664
g6035.t1	A0ABM3MHB1	True	664
g6035.t1	A0A212F3H8	True	664
g6035.t1	A0ABN8IZA6	True	661
g6035.t1	A0A6J2JY64	True	686
g6035.t1	A0ABM4AJ62	True	648
g6035.t1	A0ABM3MHC0	True	648
g6035.t1	A0AAV1LSJ1	True	648
g3431.t1	A0A4C1Y2D1	True	728
g3431.t1	A0A4C1Y1L4	True	728
g3431.t1	A0AAV1LDK5	True	705
g3431.t1	A0ABN8IUL9	True	704
g3431.t1	A0A194Q663	True	989
g3431.t1	A0AAU9T8S5	True	705
g3431.t1	A0ABM4AY46	True	639
g3431.t1	A0ABM3M3V9	True	657
g3431.t1	A0ABM3MAF8	True	694
g3431.t1	A0A9P0XDM1	True	692
g9091.t1	O01639	True	690
g9091.t1	P50239	True	711
g9091.t1	Q08893	True	699
g9091.t1	Q08893-2	True	685
g9091.t1	P50239-2	True	695
g9091.t1	P17671	True	1199
g9091.t1	P13055	True	1412
g9091.t1	P17672	True	1355
g9091.t1	P17671-2	True	906
g9091.t1	O77245	True	606
g18787.t1	A0A4C1SRI5	True	523
g18787.t1	A0AAV1LJB5	True	557
g18787.t1	A0A8S3Y834	True	608
g18787.t1	A0ABN8IFM3	True	667
g18787.t1	Q4AE58	True	555
g18787.t1	A0A921YTV7	True	573
g18787.t1	A0A921YU35	True	555
g18787.t1	A0A6J1W965	True	556
g18787.t1	Q4AE60	True	555
g18787.t1	Q4AE61	True	555
g1101.t2	A0A4C1X6I1	True	688
g1101.t2	A0A8B8I745	True	591
g1101.t2	A0ABN8J6U0	True	536
g1101.t2	A0A8B8I9F4	True	588
g1101.t2	A0AAV1LWK2	True	536
g1101.t2	A0A8S3XEQ8	True	536
g1101.t2	A0ABM3LN36	True	592
g1101.t2	A0A8J2QCM4	True	590
g1101.t2	A0ABM3MDE3	True	536
g1101.t2	A0A2H1V6Z8	True	536
g15833.t1	A0A4C1X464	True	605
g15833.t1	A0A922CQZ4	True	724
g15833.t1	A0A921ZB08	True	753
g15833.t1	A0ACC0KAT3	True	670
g15833.t1	A0ACC2Q2W2	True	757
g15833.t1	A0ABM4AXT5	True	767
g15833.t1	A0A8S4SPZ0	True	769
g15833.t1	A0A9R0ESI2	True	748
g15833.t1	A0A2W1BAS6	True	666
g15833.t1	A0A9P0I8Z1	True	720
g2734.t1	A0A4C1TFN7	True	468
g2734.t1	A0AAU9UT98	True	467
g2734.t1	A0A8J2R3W4	True	467
g2734.t1	A0A835GT07	True	466
g2734.t1	A0A8B8IJ85	True	467
g2734.t1	A0A7E5VSV6	True	466
g2734.t1	A0A2H1VE55	True	466
g2734.t1	A0A9J7IQP1	True	466
g2734.t1	A0ACC2R9V6	True	466
g2734.t1	A0ACC1DFM4	True	467
g5153.t1	A0A4C1SWU5	True	595
g5153.t1	A0A4C1SUX7	True	1261
g5153.t1	A0ABQ7PWS3	True	555
g5153.t1	A0ACC1CGM3	True	517
g5153.t1	A0A7E5WVD4	True	510
g5153.t1	A0A9P0BUE1	True	509
g5153.t1	A0ABR3ILS9	True	511
g5153.t1	A0ACC0JH08	True	508
g5153.t1	A0ACC0JH04	True	508
g5153.t1	A0ACC2Q6H2	True	510
g19136.t1	A0A4C1SUX7	True	1261
g19136.t1	A0A4C1SWU5	True	595
g19136.t1	A0ABQ7PWS3	True	555
g19136.t1	A0ACC1CGM3	True	517
g19136.t1	A0ACC2Q6H2	True	510
g19136.t1	A0A7E5WVD4	True	510
g19136.t1	A0A9P0BUE1	True	509
g19136.t1	A0ACC0JH08	True	508
g19136.t1	A0ACC0JH04	True	508
g19136.t1	A0ABR3ILS9	True	511
g16852.t1	A0A4C1V353	True	772
g16852.t1	A0A4C1V343	True	528
g16852.t1	A0A194QYN7	True	536
g16852.t1	A0AAV1K881	True	536
g16852.t1	A0A194PD51	True	536
g16852.t1	A0A5E4R6I5	True	540
g16852.t1	A0A9N9R8V4	True	534
g16852.t1	A0A8S3XEY7	True	540
g16852.t1	A0A8R1XPC3	True	531
g16852.t1	H9IUE5	True	531
g15563.t1	A0A4C1SUH7	True	462
g15563.t1	A0A4C1SSS0	True	393
g15563.t1	A0A921YYX4	True	431
g15563.t1	A0A6J3C292	True	433
g15563.t1	A0A921YZB5	True	431
g15563.t1	B1NLE5	True	428
g15563.t1	A0ACC0KW34	True	429
g15563.t1	A0ABM3MEG0	True	428
g15563.t1	A0A9R0D7G5	True	432
g15563.t1	A0ABM3MEX4	True	428
g14934.t1	A0A0L7LBW4	True	386
g14934.t1	A0A7E5W6J9	True	386
g14934.t1	A0A9P0FVX8	True	386
g14934.t1	A0AAD8DWV9	True	386
g14934.t1	A0ABD0SXP9	True	386
g14934.t1	A0A9J7E772	True	386
g14934.t1	A0A9P0HUY0	True	386
g14934.t1	A0A835GRF3	True	386
g14934.t1	A0A2H1W7A5	True	386
g14934.t1	A0A212EWT3	True	386
g10898.t1	A0A4C1U2C6	True	454
g10898.t1	A0A6J2K008	True	452
g10898.t1	A0A8R1WHH7	True	452
g10898.t1	A0AAV1M0F4	True	450
g10898.t1	A0A8B8IKD1	True	448
g10898.t1	A0A8S3WQU9	True	419
g10898.t1	A0ABN8JAF2	True	449
g10898.t1	A0A922CSX0	True	470
g10898.t1	A0ACC1CVF2	True	473
g10898.t1	A0A7E5VXJ6	True	447
g16796.t1	A0ABR3HCD7	True	490
g16796.t1	A0A9N9R6F2	True	487
g16796.t1	A0ABR3HCE7	True	485
g16796.t1	A0A8R1WLE0	True	475
g16796.t1	A0A0L7LM79	True	478
g16796.t1	A0ABR3HCD0	True	485
g16796.t1	A0ABN8B923	True	479
g16796.t1	A0A6J2JNP1	True	475
g16796.t1	A0ACC0L035	True	462
g16796.t1	A0AAD7YCQ2	True	477
g14161.t1	A0A4C1V3W7	True	838
g14161.t1	A0A4C1V3Y5	True	933
g14161.t1	A0A4C1VE94	True	519
g14161.t1	A0ABR3GZ83	True	670
g14161.t1	A0AAD7Y5N7	True	664
g14161.t1	A0AAV1KXS8	True	734
g14161.t1	A0A9J7IKY8	True	667
g14161.t1	A0ACF8LQ58	True	579
g14161.t1	A0A9R0E639	True	669
g14161.t1	A0ACC2Q0M8	True	664
g6193.t1	A0A4C1ZXS9	True	415
g6193.t1	A0A8R2MA89	True	415
g6193.t1	A0A6J2JQ98	True	415
g6193.t1	A0AAV1KP10	True	413
g6193.t1	A0A8S3X7C9	True	408
g6193.t1	A0A2W1BU55	True	693
g6193.t1	A0A921ZB13	True	415
g6193.t1	A0A9P0I2N8	True	417
g6193.t1	A0A9J7IKC6	True	417
g6193.t1	A0A194PGK0	True	411
g15564.t1	A0A4C1SSS0	True	393
g15564.t1	A0A4C1SUH7	True	462
g15564.t1	A0A921YYX4	True	431
g15564.t1	A0A6J3C292	True	433
g15564.t1	A0ACC0KW34	True	429
g15564.t1	A0A921YZB5	True	431
g15564.t1	A0ABM3MEX4	True	428
g15564.t1	A0ABM3MEG0	True	428
g15564.t1	Q3T905	True	429
g15564.t1	B1NLE5	True	428
g3535.t1	A0A4C1Z130	True	418
g3535.t1	A0A6J1MQH6	True	411
g3535.t1	A0A9J7EWE5	True	416
g3535.t1	A0A6J1W790	True	421
g3535.t1	A0AAV1L2Q4	True	395
g3535.t1	A0AAV1L679	True	412
g3535.t1	A0A9R0ES37	True	416
g3535.t1	A0ABQ7PW56	True	412
g3535.t1	Q6Q2D7	True	407
g3535.t1	A0A921YYM5	True	407
g15566.t1	A0A4C1SSS2	True	416
g15566.t1	A0ABR3HT31	True	415
g15566.t1	A0A922CJM8	True	410
g15566.t1	A0A9P0BST3	True	456
g15566.t1	A0A9R0D7D6	True	438
g15566.t1	A0A9P0BQI7	True	466
g15566.t1	A0A9J7E7J2	True	425
g15566.t1	A0AAD7YU65	True	412
g15566.t1	A0ACC2QQD8	True	412
g15566.t1	A0A9P0X629	True	401
g14449.t1	A0A4C1U540	True	413
g14449.t1	A0A194PKM9	True	424
g14449.t1	A0A194R6T8	True	424
g14449.t1	A0AAU9UMV5	True	418
g14449.t1	A0A8J9VJ13	True	419
g14449.t1	A0A8B8HMS9	True	420
g14449.t1	A0A835GLL9	True	412
g14449.t1	A0ABN8IYX2	True	422
g14449.t1	A0A9J7EFL6	True	430
g14449.t1	A0A9P0N8C5	True	468
g2844.t1	A0A4C1YXT1	True	419
g2844.t1	A0A4C1YXF6	True	424
g2844.t1	A0A4C1YWJ9	True	521
g2844.t1	A0A8S3XXZ7	True	414
g2844.t1	A0A8S4FW68	True	417
g2844.t1	A0ABQ7Q5S8	True	418
g2844.t1	A0ABN8B860	True	420
g2844.t1	A0A821N968	True	414
g2844.t1	A0AAV1JFA2	True	414
g2844.t1	A0A2W1BMU4	True	422
g6034.t3	A0A8J9VST8	True	1331
g6034.t3	A0AAU9V375	True	695
g6034.t3	A0AAD8DVW6	True	675
g6034.t3	A0A4C1TW44	True	652
g6034.t3	A0AAV1J9E9	True	653
g6034.t3	A0ABQ7QSF2	True	659
g6034.t3	A0A194QIX2	True	639
g6034.t3	I4DR36	True	340
g6034.t3	A0AAV1LTR7	True	641
g6034.t3	I4DJQ5	True	506
g3537.t1	A0A4C1Z4C9	True	396
g3537.t1	A0ACC0JHH6	True	398
g3537.t1	A0A6J1W742	True	400
g3537.t1	A0A6J2KFC9	True	395
g3537.t1	A0A0M5KHD7	True	395
g3537.t1	A0ABQ7PVA7	True	397
g3537.t1	A0A8R1TAK6	True	395
g3537.t1	Q6Q2D5	True	395
g3537.t1	A0A9J7EXK8	True	395
g3537.t1	A0A2H1VIL1	True	395
g1854.t1	A0A4C1YY61	True	408
g1854.t1	A0AAU9UJ28	True	419
g1854.t1	A0ABM4ATJ4	True	420
g1854.t1	A0A6J2JDS3	True	419
g1854.t1	A0A0L7LQZ0	True	419
g1854.t1	A0A8J9U7Z1	True	418
g1854.t1	A0A212FKY4	True	410
g1854.t1	A0A9J7J4H2	True	415
g1854.t1	A0A8S4G006	True	415
g1854.t1	A0A9R0DIF2	True	416
g17633.t1	A0A4C1YXT1	True	419
g17633.t1	A0A4C1YXF6	True	424
g17633.t1	A0A4C1YWJ9	True	521
g17633.t1	A0A8S3XXZ7	True	414
g17633.t1	A0ABN8B860	True	420
g17633.t1	A0A8S4FW68	True	417
g17633.t1	A0ABQ7Q5S8	True	418
g17633.t1	A0A821N968	True	414
g17633.t1	A0A2W1BMU4	True	422
g17633.t1	A0AAV1JFA2	True	414
g19140.t1	A0A4C1YXT1	True	419
g19140.t1	A0A4C1YXF6	True	424
g19140.t1	A0A4C1YWJ9	True	521
g19140.t1	A0A8S3XXZ7	True	414
g19140.t1	A0ABN8B860	True	420
g19140.t1	A0A8S4FW68	True	417
g19140.t1	A0ABQ7Q5S8	True	418
g19140.t1	A0A821N968	True	414
g19140.t1	A0AAV1JFA2	True	414
g19140.t1	A0A9N9W797	True	424
g1541.t1	A0A4C1UM74	True	477
g1541.t1	A0AAD7YMR1	True	384
g1541.t1	A0ACC2R180	True	384
g1541.t1	A0A922CLQ4	True	383
g1541.t1	Q5DI99	True	383
g1541.t1	A0A7E5VXM7	True	382
g1541.t1	O77102	True	383
g1541.t1	A0A7E5VX02	True	383
g1541.t1	A0A8R2DLP9	True	382
g1541.t1	A0A6J2K7Q8	True	382
g15120.t1	A0A4C1XS72	True	628
g15120.t1	A0A8J9UBI6	True	508
g15120.t1	A0A8J9UZM7	True	506
g15120.t1	A0AAU9U1X2	True	510
g15120.t1	A0AAU9U1Z0	True	510
g15120.t1	A0A4C1XM90	True	562
g15120.t1	A0ABM3LFY7	True	510
g15120.t1	A0A7D5UMU2	True	508
g15120.t1	A0A8S4RGP2	True	510
g15120.t1	A0A6J1P1G8	True	508
g4892.t1	A0A4C1W6C4	True	443
g4892.t1	A0A4C1W8L2	True	399
g4892.t1	A0A4C1W8H4	True	400
g4892.t1	A0A4C1W960	True	400
g4892.t1	A0A8S0ZIW4	True	401
g4892.t1	A0A0L7KVZ6	True	403
g4892.t1	Q16LD7	True	486
g4892.t1	A0A9P0TAB0	True	402
g4892.t1	A0A8R2HPZ2	True	400
g4892.t1	A0A8K0GL32	True	423
g3709.t1	A0A4C1UDU1	True	359
g3709.t1	A0A4C1UDY7	True	432
g3709.t1	A0A8S3W936	True	362
g3709.t1	A0A977T705	True	360
g3709.t1	A0AAV1KUP1	True	362
g3709.t1	A0A6J1P1S0	True	359
g3709.t1	A0A8J9V4E5	True	361
g3709.t1	A0ABN8HPE8	True	361
g3709.t1	A0AAV1J6A8	True	359
g3709.t1	A0A6J2JL73	True	363
g4893.t1	A0A4C1W8H4	True	400
g4893.t1	A0A4C1W6C4	True	443
g4893.t1	A0A4C1W8L2	True	399
g4893.t1	A0A4C1W960	True	400
g4893.t1	A0AAN7VLW0	True	414
g4893.t1	A0AAN7V8V1	True	416
g4893.t1	A0A8K0GJJ3	True	416
g4893.t1	A0A1Y1N105	True	413
g4893.t1	A0A922CSD2	True	415
g4893.t1	A0ACC2QQ49	True	410
g11500.t1	Q9GV28	True	433
g11500.t1	Q2PQM7	True	444
g11500.t1	Q9W303	True	442
g11500.t1	A0A1S4F0I0	True	441
g11500.t1	Q23997	True	452
g11500.t1	Q9V3D4	True	440
g11500.t1	Q8MX32	True	441
g11500.t1	Q8MLZ7	True	441
g11500.t1	Q8MX41	True	439
g11500.t1	Q8MM24	True	439
g17098.t1	A0A4C1YA79	True	419
g17098.t1	A0A4C1YDZ7	True	382
g17098.t1	A0A4C1YCW1	True	375
g17098.t1	A0A8S4FTA7	True	411
g17098.t1	A0ACC0KX71	True	421
g17098.t1	A0A921ZFB5	True	412
g17098.t1	A0A8S1A3C5	True	415
g17098.t1	A0A0L7LN80	True	400
g17098.t1	A0ACC0KY39	True	418
g17098.t1	A0A0L7LNI5	True	411
g2464.t1	A0A4C1YFG7	True	473
g2464.t1	A0A921ZCL3	True	508
g2464.t1	A0AAD7YP93	True	501
g2464.t1	A0ACC2R1Q0	True	513
g2464.t1	A0ACF8KYE4	True	506
g2464.t1	A0A481XUD0	True	533
g2464.t1	A0ABN8BFZ1	True	533
g2464.t1	A0ABR3HVL8	True	510
g2464.t1	G9LPR8	True	513
g2464.t1	A0A9R0F666	True	534
g17097.t1	A0A4C1YDZ7	True	382
g17097.t1	A0A4C1YA79	True	419
g17097.t1	A0A4C1YCW1	True	375
g17097.t1	A0A8S4FTA7	True	411
g17097.t1	A0ACC0KX71	True	421
g17097.t1	A0A0L7LNI5	True	411
g17097.t1	A0A6J1WK16	True	421
g17097.t1	A0A0L7LN80	True	400
g17097.t1	A0A921ZH24	True	413
g17097.t1	A0ACC0KY39	True	418
g94.t1	A0A4C1W5T8	True	998
g94.t1	A0AAV1LUD6	True	1922
g94.t1	A0AAV1LY17	True	1916
g94.t1	A0A8S3XSS1	True	949
g94.t1	Q963G0	True	950
g94.t1	Q7Z268	True	951
g94.t1	Q8MU79	True	951
g94.t1	A0A6H0D4E6	True	951
g94.t1	A0A2W1BSE9	True	951
g94.t1	Q8MUT5	True	951
g2100.t1	A0A4C1SI89	True	419
g2100.t1	A0AAU9V8K1	True	342
g2100.t1	A0A5E4PKU3	True	340
g2100.t1	A0A6J1WEN0	True	342
g2100.t1	A0A194RJQ0	True	343
g2100.t1	A0ABQ7QBD9	True	355
g2100.t1	A0A212EL72	True	340
g2100.t1	A0A8S4FZG2	True	353
g2100.t1	A0AAV1JEP7	True	342
g2100.t1	A0ACC0KJ67	True	345
g16245.t1	A0A4C1Z3B3	True	434
g16245.t1	A0A4C1ZN00	True	423
g16245.t1	A0A4C1Z545	True	360
g16245.t1	A0A4C1Z440	True	1244
g16245.t1	A0A4C1ZMK9	True	438
g16245.t1	A0A4C1Z4C9	True	396
g16245.t1	A0A4C1ZPI4	True	425
g16245.t1	A0A6J1W742	True	400
g16245.t1	A0AAU9UKA9	True	396
g16245.t1	A0A6J1MQI2	True	395
g4086.t1	A0A4C1TFB7	True	339
g4086.t1	I3QC04	True	332
g4086.t1	A0A9R0EN30	True	331
g4086.t1	A0A9J7IQH8	True	331
g4086.t1	A0A9P0I1N4	True	331
g4086.t1	A0ACC2R9I6	True	332
g4086.t1	I3QC12	True	332
g4086.t1	A0A6J1WSP9	True	332
g4086.t1	A0A9R0DVT5	True	331
g4086.t1	A0A9J7IRC5	True	331
g8856.t1	A0A4C1V0P1	True	357
g8856.t1	A0A8S3X3I3	True	402
g8856.t1	A0AAV1L797	True	402
g8856.t1	A0ABN8IM44	True	399
g8856.t1	A0A9N9R9Y3	True	399
g8856.t1	A0A0N1PID3	True	401
g8856.t1	A0ABR3H7A0	True	399
g8856.t1	A0A8B8I4J5	True	398
g8856.t1	A0ABN8B305	True	400
g8856.t1	A0AAV1JFD2	True	401
g4085.t1	A0A4C1TID5	True	377
g4085.t1	A0A4C1TIQ0	True	375
g4085.t1	A0A4C1TGD0	True	317
g4085.t1	A0A4C1TF79	True	348
g4085.t1	A0A4C1THY4	True	691
g4085.t1	A0A4C1TFB7	True	339
g4085.t1	A0A9J7IQH8	True	331
g4085.t1	A0A9P0I1N4	True	331
g4085.t1	I3QC04	True	332
g4085.t1	A0A4C1TG46	True	326
g4083.t1	A0A4C1TID5	True	377
g4083.t1	A0A4C1TIQ0	True	375
g4083.t1	A0A4C1TF79	True	348
g4083.t1	A0A4C1TGD0	True	317
g4083.t1	A0A4C1THY4	True	691
g4083.t1	A0A4C1TFB7	True	339
g4083.t1	I3QC04	True	332
g4083.t1	A0A9J7IQH8	True	331
g4083.t1	A0A9P0I1N4	True	331
g4083.t1	A0A9R0EN30	True	331
g4084.t1	A0A4C1TID5	True	377
g4084.t1	A0A4C1TIQ0	True	375
g4084.t1	A0A4C1TGD0	True	317
g4084.t1	A0A4C1TF79	True	348
g4084.t1	A0A4C1THY4	True	691
g4084.t1	A0A4C1TFB7	True	339
g4084.t1	I3QC04	True	332
g4084.t1	A0A9J7IQH8	True	331
g4084.t1	A0A9P0I1N4	True	331
g4084.t1	A0ACC2R9I6	True	332
g4082.t1	A0A4C1TFB7	True	339
g4082.t1	I3QC04	True	332
g4082.t1	I3QC12	True	332
g4082.t1	A0ACC2R9I6	True	332
g4082.t1	A0ACC2RAZ5	True	332
g4082.t1	A0A9R0EN30	True	331
g4082.t1	A0A6J1WSP9	True	332
g4082.t1	A0A9J7IQH8	True	331
g4082.t1	A0AAD8DZL4	True	332
g4082.t1	A0A9P0I1N4	True	331
g8855.t1	A0A4C1V1Z8	True	399
g8855.t1	A0A8B8I6I5	True	402
g8855.t1	A0ACC0JJ42	True	401
g8855.t1	A0ABQ7PU57	True	401
g8855.t1	A0A8S3X147	True	399
g8855.t1	A0A8J2QTP9	True	400
g8855.t1	A0AAV1L752	True	399
g8855.t1	A0ACC1CK91	True	403
g8855.t1	A0ABR3H789	True	406
g8855.t1	A0AAU9UG94	True	401
g3538.t1	A0A4C1Z440	True	1244
g3538.t1	A0A4C1ZMK9	True	438
g3538.t1	A0A4C1ZPI4	True	425
g3538.t1	A0A4C1Z3B3	True	434
g3538.t1	A0A4C1ZN00	True	423
g3538.t1	A0A4C1Z4C9	True	396
g3538.t1	A0ACC1CJW6	True	395
g3538.t1	A0ACC0JHH6	True	398
g3538.t1	A0A0L7K494	True	343
g3538.t1	A0A0L7KUV3	True	396
g16240.t1	A0A4C1ZIZ2	True	383
g16240.t1	A0A4C1Z4C9	True	396
g16240.t1	A0A0M5KHD7	True	395
g16240.t1	A0A6J2KFC9	True	395
g16240.t1	A0A6J1W742	True	400
g16240.t1	A0AAV1L2G3	True	395
g16240.t1	A0A4C1YZY8	True	402
g16240.t1	A0A8R1TAK6	True	395
g16240.t1	Q6Q2D5	True	395
g16240.t1	A0A6J1MQI2	True	395
g6292.t1	A0A4C1SS19	True	355
g6292.t1	Q5MPC6	True	371
g6292.t1	A0A921ZW57	True	371
g6292.t1	A0A6J1X3N4	True	368
g6292.t1	A0AAD8DV89	True	370
g6292.t1	A0A921ZVR5	True	389
g6292.t1	A0ACC2QG69	True	386
g6292.t1	A0A2W1BN13	True	376
g6292.t1	A0A290U621	True	376
g6292.t1	A0A6J1WWN6	True	381
g3430.t1	A0A4C1Y2D1	True	728
g3430.t1	A0AAV1LDK5	True	705
g3430.t1	A0ABN8IUL9	True	704
g3430.t1	A0A8R2AMX8	True	699
g3430.t1	A0A6J2JZT7	True	699
g3430.t1	A0A9J7EKI4	True	709
g3430.t1	A0AAU9T8S5	True	705
g3430.t1	A0A9P0XDM1	True	692
g3430.t1	A0ACC1DKK0	True	702
g3430.t1	A0ABM3M3V9	True	657
g2210.t1	A0ABN8IKT8	True	394
g2210.t1	Q6R559	True	395
g2210.t1	Q6R558	True	395
g2210.t1	A0A8S3Y532	True	1127
g2210.t1	A0A194Q5T1	True	501
g2210.t1	A0AAV1L8E0	True	403
g2210.t1	A0ABR3HA61	True	397
g2210.t1	A0A2W1BGC0	True	394
g2210.t1	A0ACF8LV04	True	399
g2210.t1	A0A9P0BUX5	True	403
g152.t1	A0A4C1VEI9	True	286
g152.t1	A0ACF8LDP0	True	379
g152.t1	A0ABD0TGC7	True	375
g152.t1	A0ABD0TGC9	True	383
g152.t1	A0ABR3ICI2	True	333
g152.t1	A0A921YP56	True	376
g152.t1	A0A921YNF1	True	375
g152.t1	A0ABN8L7V2	True	376
g152.t1	A0A0S1YD82	True	375
g152.t1	A0A921YQ20	True	316
g18520.t1	A0A4C1T8G7	True	276
g18520.t1	A0A4C1T8F6	True	262
g18520.t1	A0A4C1TB29	True	314
g18520.t1	A0A7E5WM55	True	281
g18520.t1	A0AAV1KLT4	True	279
g18520.t1	A0A9P0G0K5	True	280
g18520.t1	A0ACC1CYF3	True	279
g18520.t1	A0ABR3HQD5	True	285
g18520.t1	A0A8S3XVT0	True	290
g18520.t1	A0A4C1T8N9	True	233
g16396.t1	A0ABN8J582	True	439
g16396.t1	A0AAV1M1M5	True	439
g16396.t1	A0A8S3WR82	True	439
g16396.t1	A0A921ZGP4	True	375
g16396.t1	A0A922CSE3	True	438
g16396.t1	A0ACC1CWP0	True	439
g16396.t1	A0AAU9V9G8	True	438
g16396.t1	A0A8R1WH05	True	447
g16396.t1	A0A6J2JZR6	True	425
g16396.t1	A0A821RVC9	True	437
g19654.t1	A0A4C1Y749	True	264
g19654.t1	A0A0L7L8A3	True	255
g19654.t1	A0ACC2QQQ4	True	265
g19654.t1	A0AAD7YIY1	True	266
g19654.t1	A0ABN8AUS8	True	252
g19654.t1	A0A9N9R1K9	True	250
g19654.t1	A0ABD0SXY3	True	260
g19654.t1	A0A9P0BPJ0	True	266
g19654.t1	A0ACC1DIQ7	True	256
g19654.t1	A0A7E5VZW8	True	266
g13775.t1	A0A4C1WGE0	True	231
g13775.t1	A0A8S3WRX1	True	257
g13775.t1	A0A4C1WDX3	True	259
g13775.t1	A0A194PVB6	True	256
g13775.t1	A0AAV1M567	True	257
g13775.t1	A0ABN8IC40	True	258
g13775.t1	A0AAV1M8S3	True	257
g13775.t1	A0AAV1M3T8	True	257
g13775.t1	A0AAV1M5B9	True	257
g13775.t1	A0ACC0KR78	True	256
g13781.t1	A0A4C1WDX3	True	259
g13781.t1	A0A4C1WHG7	True	249
g13781.t1	A0A4C1WEL4	True	635
g13781.t1	A0A8S3WRX1	True	257
g13781.t1	A0ABN8IC40	True	258
g13781.t1	A0AAV1M567	True	257
g13781.t1	A0A891XIE8	True	257
g13781.t1	Q27540	True	256
g13781.t1	P35042	True	256
g13781.t1	A0A9P0BRD5	True	255
g13179.t1	A0A4C1UYD8	True	507
g13179.t1	A0A2W1BW18	True	434
g13179.t1	A0ACC2QTE9	True	367
g13179.t1	A0AAD7YK17	True	346
g13179.t1	A0ACC2RAV8	True	359
g13179.t1	A0ABR3HY40	True	361
g13179.t1	A0ABD0T1M7	True	389
g13179.t1	A0ABR3HY38	True	363
g13179.t1	A0ABR3HY36	True	345
g13179.t1	A0ABR3HY49	True	296
g13784.t1	A0A4C1WEL4	True	635
g13784.t1	A0A4C1WDX3	True	259
g13784.t1	A0A4C1WHG7	True	249
g13784.t1	A0A8S3WRX1	True	257
g13784.t1	A0AAV1M567	True	257
g13784.t1	Q27540	True	256
g13784.t1	A0ACC0KR78	True	256
g13784.t1	P35042	True	256
g13784.t1	A0ABN8IC40	True	258
g13784.t1	A0A9P0BRD5	True	255
g13777.t1	A0A4C1WGE0	True	231
g13777.t1	A0A8S3WRX1	True	257
g13777.t1	A0AAV1M567	True	257
g13777.t1	A0A4C1WDX3	True	259
g13777.t1	A0ACC1DFX3	True	255
g13777.t1	A0ABN8IC40	True	258
g13777.t1	A0A194PVB6	True	256
g13777.t1	A0ACC0KR78	True	256
g13777.t1	A0AAV1M5B9	True	257
g13777.t1	A0AAV1M7J1	True	272
g2864.t1	A0A4C1SF71	True	359
g2864.t1	A0A4C1SD49	True	264
g2864.t1	A0A4C1SD69	True	263
g2864.t1	A0A4C1SG55	True	441
g2864.t1	A0A835GLH1	True	263
g2864.t1	A0A9J7DRP8	True	263
g2864.t1	A0A835GJJ7	True	272
g2864.t1	A0ACC0JDP5	True	263
g2864.t1	A0A835GIZ1	True	272
g2864.t1	A0ACC2R1Z9	True	263
g4081.t1	A0A4C1TF99	True	321
g4081.t1	A0A8S3WSQ4	True	298
g4081.t1	A0AAV1M262	True	298
g4081.t1	A0A921YX99	True	298
g4081.t1	A0A977T7A4	True	298
g4081.t1	A0A194R386	True	933
g4081.t1	A0ABN8I8P3	True	298
g4081.t1	A0ABN8I7R0	True	293
g4081.t1	A0ACC1DFM3	True	298
g4081.t1	A0A8B8IF13	True	297
g13776.t1	A0A4C1WGE0	True	231
g13776.t1	A0A8S3WRX1	True	257
g13776.t1	A0A4C1WDX3	True	259
g13776.t1	A0AAV1M567	True	257
g13776.t1	A0ABN8IC40	True	258
g13776.t1	A0A7E5WY52	True	255
g13776.t1	A0A194PQQ5	True	258
g13776.t1	A0AAV1M8S3	True	257
g13776.t1	A0AAV1M3T8	True	257
g13776.t1	A0AAV1M5B9	True	257
g18546.t1	A0A4C1U938	True	357
g18546.t1	A0A9P0IAQ6	True	274
g18546.t1	A0A9J7IPU7	True	274
g18546.t1	A0AAD7Z1D6	True	283
g18546.t1	A0ACC2R6K2	True	282
g18546.t1	A0A921Z771	True	275
g18546.t1	A0A9R0CUY9	True	274
g18546.t1	A0A9P0BWJ1	True	275
g18546.t1	A0A7E5VD50	True	275
g18546.t1	A0A8S4DZP0	True	287
g2862.t1	A0ACC1CV66	True	422
g2862.t1	A0A8R2AHZ1	True	423
g2862.t1	A0A6J2JS63	True	423
g2862.t1	A0A8R2DL57	True	423
g2862.t1	A0A6J2JW40	True	436
g2862.t1	A0A977T742	True	423
g2862.t1	A0A921ZC21	True	423
g2862.t1	A0A6J1WFF4	True	434
g2862.t1	A0AAD7YEV9	True	430
g2862.t1	A0AAD7YFI4	True	425
g15091.t1	A0A4C1SD69	True	263
g15091.t1	A0A4C1SD49	True	264
g15091.t1	A0A4C1SG55	True	441
g15091.t1	A0A9R0E9X8	True	263
g15091.t1	A0A9R0CYK0	True	263
g15091.t1	A0A9R0EAJ9	True	263
g15091.t1	A0A9R0CYI9	True	263
g15091.t1	A0A835GLH1	True	263
g15091.t1	A0A9J7DRP8	True	263
g15091.t1	A0A6J2KKS8	True	263
g14298.t1	A0A4C1SD69	True	263
g14298.t1	A0A4C1SD49	True	264
g14298.t1	A0A4C1SG55	True	441
g14298.t1	A0A9R0CYK0	True	263
g14298.t1	A0A9R0EAJ9	True	263
g14298.t1	A0A9R0E9X8	True	263
g14298.t1	A0A9R0CYI9	True	263
g14298.t1	A0A835GLH1	True	263
g14298.t1	A0A6J2KKS8	True	263
g14298.t1	A0A9J7DRP8	True	263
g13783.t1	A0A4C1WEL4	True	635
g13783.t1	A0A4C1WDX3	True	259
g13783.t1	A0A4C1WHG7	True	249
g13783.t1	A0AAV1M567	True	257
g13783.t1	A0A891XIE8	True	257
g13783.t1	A0A8S3WRX1	True	257
g13783.t1	A0ACC1DFX3	True	255
g13783.t1	A0ABN8IC40	True	258
g13783.t1	A0A9N8KS65	True	264
g13783.t1	A0A8S3WTZ1	True	258
g15779.t1	A0A4C1X2M3	True	216
g15779.t1	A0A4C1X0M1	True	216
g15779.t1	A0A6C0WAU1	True	215
g15779.t1	A0ABD0SLB0	True	215
g15779.t1	A0A9N9RFW2	True	215
g15779.t1	A0A7L4XTX9	True	215
g15779.t1	A0AAD8DR44	True	214
g15779.t1	A0A9E9GFG8	True	214
g15779.t1	A0A3G1RJ87	True	215
g15779.t1	A0ACC2QGP2	True	214
g4114.t1	A0A4C1Z8Z0	True	226
g4114.t1	A0A4C1Z8T8	True	225
g4114.t1	A0A922CL28	True	252
g4114.t1	A0A921Z363	True	280
g4114.t1	A0A4C1Z354	True	224
g4114.t1	O77409	True	216
g4114.t1	A0ACC2QV06	True	226
g4114.t1	A0A921Z1Q3	True	215
g4114.t1	Q2ABX5	True	216
g4114.t1	A0ABQ7Q2X0	True	216
g16391.t1	A0A4C1Z8T8	True	225
g16391.t1	A0A4C1Z354	True	224
g16391.t1	A0A4C1Z8Z0	True	226
g16391.t1	A0A6S4N7Q2	True	237
g16391.t1	A0AAU9TIX7	True	231
g16391.t1	A0A6J1X7Z8	True	221
g16391.t1	A0ACC0KE54	True	281
g16391.t1	A0A212FES8	True	237
g16391.t1	A0ABM3LFC4	True	228
g16391.t1	A0A6J1X1M5	True	219
g13779.t1	A0A4C1WHF6	True	254
g13779.t1	A0A4C1WEL4	True	635
g13779.t1	A0A8S3WRX1	True	257
g13779.t1	A0A4C1WDX3	True	259
g13779.t1	A0ABN8IC40	True	258
g13779.t1	A0AAV1M567	True	257
g13779.t1	Q27540	True	256
g13779.t1	A0A194PVB6	True	256
g13779.t1	A0A8S3WTZ1	True	258
g13779.t1	P35042	True	256
g8852.t1	Q1HQK0	True	241
g8852.t1	B4MQT3	True	240
g8852.t1	B0X5E3	True	241
g8852.t1	Q7QJX9	True	240
g8852.t1	B3NQ53	True	240
g8852.t1	B4PAR6	True	240
g8852.t1	B4KLY1	True	240
g8852.t1	B4QBH8	True	240
g8852.t1	B4I2A8	True	240
g8852.t1	B4LP08	True	240
g3539.t1	A0A4C1YZY8	True	402
g3539.t1	A0A4C1Z4C9	True	396
g3539.t1	A0A5E4Q6I3	True	395
g3539.t1	A0A8S4R3D1	True	398
g3539.t1	A0A2H1VIL1	True	395
g3539.t1	A0ACC2Q844	True	395
g3539.t1	A0A8B8ISE1	True	396
g3539.t1	A0A9J7EXK8	True	395
g3539.t1	A0AAD7YA27	True	395
g3539.t1	A0A4C1ZIZ2	True	383
g10834.t1	A0A4C1ZSN6	True	253
g10834.t1	A0A6J1WMV8	True	273
g10834.t1	A0A8S4S744	True	269
g10834.t1	A0A9N9R2C0	True	267
g10834.t1	A0ABR3HQN3	True	255
g10834.t1	C0H6K1	True	281
g10834.t1	A0A8R1TFY3	True	281
g10834.t1	A0A6J2K1G3	True	281
g10834.t1	A0ABN8B3J7	True	329
g10834.t1	A0AAU9U0W3	True	270
g4123.t1	A0A4C1U445	True	190
g4123.t1	A0A7E5VES7	True	184
g4123.t1	A0AAD8DVS6	True	184
g4123.t1	A0ACC2R0U4	True	184
g4123.t1	A0ABD0TJM3	True	184
g4123.t1	A0A2H1V606	True	184
g4123.t1	A0A8S4G3K1	True	189
g4123.t1	A0ABQ7R1G3	True	189
g4123.t1	A0A9J7E2P4	True	184
g4123.t1	A0A9P0IGK3	True	184
g3686.t1	A0A6J1WV74	True	261
g3686.t1	A0ACC1CLP3	True	261
g3686.t1	A0A9R0DH81	True	262
g3686.t1	A0ABN8IDQ6	True	261
g3686.t1	C9W8J1	True	261
g3686.t1	A0A194QJ28	True	260
g3686.t1	Q9U4I4	True	260
g3686.t1	Q9U4I5	True	260
g3686.t1	A0A9R0F0U4	True	262
g3686.t1	A0A9R0DH58	True	262
g16392.t1	A0A4C1Z354	True	224
g16392.t1	A0A4C1Z8T8	True	225
g16392.t1	A0A4C1Z8Z0	True	226
g16392.t1	A0A6J1X7Z8	True	221
g16392.t1	A0A6S4N7Q2	True	237
g16392.t1	A0ABM3LFC4	True	228
g16392.t1	A0ACC0KE54	True	281
g16392.t1	A0A8S4RML9	True	228
g16392.t1	A0A6J1X1M5	True	219
g16392.t1	A0A6J1MXC7	True	228
g14299.t1	A0A4C1SD49	True	264
g14299.t1	A0A4C1SD69	True	263
g14299.t1	A0A4C1SG55	True	441
g14299.t1	A0A4C1SF71	True	359
g14299.t1	A0A835GLH1	True	263
g14299.t1	A0A9R0CYI9	True	263
g14299.t1	A0A9N8Q0Z6	True	262
g14299.t1	A0A9R0EAJ9	True	263
g14299.t1	A0A9R0CYK0	True	263
g14299.t1	A0A9R0E9X8	True	263
g14301.t1	A0A4C1SD49	True	264
g14301.t1	A0A4C1SCU1	True	732
g14301.t1	A0A4C1SF71	True	359
g14301.t1	A0A4C1SD69	True	263
g14301.t1	A0A4C1SG55	True	441
g14301.t1	A0A835GLH1	True	263
g14301.t1	A0A9R0E9X8	True	263
g14301.t1	A0A9R0CYI9	True	263
g14301.t1	A0ACC0JDP5	True	263
g14301.t1	A0A9P0II35	True	280
g13778.t1	A0A4C1WGE0	True	231
g13778.t1	A0A4C1WDX3	True	259
g13778.t1	A0ABN8IC40	True	258
g13778.t1	A0A8S3WRX1	True	257
g13778.t1	A0A8S3WTZ1	True	258
g13778.t1	A0A4C1WHF6	True	254
g13778.t1	A0ACC1DFX3	True	255
g13778.t1	A0A194PQQ5	True	258
g13778.t1	A0AAV1M567	True	257
g13778.t1	A0A194PNR3	True	256
g4994.t1	A0A4C1VV52	True	169
g4994.t1	A0A7E5VC21	True	176
g4994.t1	A0A9N8KXX8	True	176
g4994.t1	A0ABN8B877	True	153
g4994.t1	A0A6J1NYU0	True	153
g4994.t1	Q8MUR5	True	153
g4994.t1	A0A9N9W764	True	153
g4994.t1	A0AAD7Z0G8	True	176
g4994.t1	A0A835GJ17	True	153
g4994.t1	A0A2W1BB94	True	153
g1247.t1	A0AAD7YKZ8	True	538
g1247.t1	A0AAV1J172	True	476
g1247.t1	A0A8S3W7V8	True	499
g1247.t1	A0A921ZT15	True	536
g1247.t1	A0A8S4S7H4	True	477
g1247.t1	A0ABR3HQR4	True	476
g1247.t1	A0ABR3HQR1	True	545
g1247.t1	A0A9R0DMU8	True	478
g1247.t1	A0A6J2JD08	True	257
g1247.t1	A0ACC2QL62	True	476
g4895.t1	A0A4C1W8L2	True	399
g4895.t1	A0A4C1W6C4	True	443
g4895.t1	A0A4C1W8H4	True	400
g4895.t1	A0A4C1W960	True	400
g4895.t1	A0A4C1W4L0	True	178
g4895.t1	A0ABM3N3K7	True	420
g4895.t1	A0AAN7VLW0	True	414
g4895.t1	A0ACB9TJ82	True	417
g4895.t1	A0AAN7QM27	True	415
g4895.t1	A0AAW1CER2	True	234
g2865.t1	A0A4C1SF71	True	359
g2865.t1	A0A4C1SD49	True	264
g2865.t1	A0A4C1SD69	True	263
g2865.t1	A0A4C1SG55	True	441
g2865.t1	A0A4C1SCU1	True	732
g2865.t1	A0ACC0JDP5	True	263
g2865.t1	A0A9N8PZX1	True	351
g2865.t1	A0A9N8Q0Z6	True	262
g2865.t1	A0A835GLH1	True	263
g2865.t1	A0A9J7DRP8	True	263
g13356.t1	A0ABN8ITD3	True	147
g13356.t1	A0A5E4Q0I0	True	179
g13356.t1	A0A194QC05	True	270
g13356.t1	A0A194R9G5	True	238
g13356.t1	A0AAV1KA74	True	179
g13356.t1	A0AAD7YT71	True	179
g13356.t1	A0ACC2QWH2	True	179
g13356.t1	A0A9J7J062	True	179
g13356.t1	A0A9P0HXK5	True	179
g13356.t1	A0A835G5J6	True	179
g7361.t1	A0A4C1TWG3	True	216
g7361.t1	A0AAD7Y6Y1	True	220
g7361.t1	A0A835GJV1	True	263
g7361.t1	A0ACC2Q4E1	True	221
g7361.t1	D5KU16	True	221
g7361.t1	A0A8J2W0P3	True	216
g7361.t1	A0A9N8L656	True	216
g7361.t1	A0A8S4S218	True	220
g7361.t1	A0A7E5W7C4	True	213
g7361.t1	A0A7E5W868	True	218
g4477.t1	A0A4C1SZL2	True	151
g4477.t1	A0A7D5UMV0	True	151
g4477.t1	A0A8S4DX93	True	151
g4477.t1	A0A8J9Y9N8	True	150
g4477.t1	A0A5Q0TYU9	True	151
g4477.t1	A0A9R0DV54	True	289
g4477.t1	A0A075X269	True	151
g4477.t1	A0A9P0IB23	True	151
g4477.t1	A0A3G1ZLC6	True	151
g4477.t1	A0A4C1YTT7	True	151
g13780.t1	A0A4C1WHH1	True	347
g13780.t1	A0A4C1WDX3	True	259
g13780.t1	A0A4C1WEL4	True	635
g13780.t1	A0A8S3WRX1	True	257
g13780.t1	A0A8S3WTZ1	True	258
g13780.t1	A0AAV1M567	True	257
g13780.t1	A0ACC2RAJ2	True	255
g13780.t1	A0ACC2R883	True	254
g13780.t1	A0A891XIE8	True	257
g13780.t1	A0A4C1WHG7	True	249
g3411.t1	A0A4C1T8G7	True	276
g3411.t1	A0A4C1T8N9	True	233
g3411.t1	A0A4C1T8F6	True	262
g3411.t1	A0AAV1KLT4	True	279
g3411.t1	A0A8S3XVT0	True	290
g3411.t1	A0A4C1TB29	True	314
g3411.t1	A0ACC0K6M7	True	358
g3411.t1	A0ACC0K5Z4	True	358
g3411.t1	A0A9P0G0K5	True	280
g3411.t1	A0ABN8HV07	True	276
