gene_id	best_hit_accession	best_hit_species	best_hit_taxid	best_hit_lineage	best_identity_pct	best_query_coverage_pct	best_evalue	best_bitscore	qualifying_hits	total_blast_hits	arthropod_hits	bacterial_hits	fungal_hits	non_arthropod_eukaryote_hits	other_prokaryote_hits	unknown_taxonomy_hits	known_taxonomy_hits	arthropod_fraction	bacterial_fraction	fungal_fraction	non_arthropod_eukaryote_fraction	other_prokaryote_fraction	classification	decision	reason	best_hit_description
g13338.t1	tr|A0AAV2JAM9|A0AAV2JAM9_KNICA	Knipowitschia caucasica	637954	Eukaryota; Metazoa; Chordata; Actinopteri; Gobiiformes	38.276	98.0	2.05e-50	187.0	55	68	2	0	0	53	0	0	55	0.03636363636363636	0.0	0.0	0.9636363636363636	0.0	NON_ARTHROPOD_EUKARYOTE	NON_ARTHROPOD_EUKARYOTE	Non-arthropod eukaryote support 96.4% of taxonomically resolved qualifying hits.	tr|A0AAV2JAM9|A0AAV2JAM9_KNICA Uncharacterized protein OS=Knipowitschia caucasica OX=637954 GN=KC01_LOCUS4252 PE=4 SV=1
g13415.t1	tr|A0A7J5Z9L5|A0A7J5Z9L5_DISMA	Dissostichus mawsoni	36200	Eukaryota; Metazoa; Chordata; Actinopteri; Perciformes	42.857	74.0	1.66e-05	52.0	30	51	0	3	0	27	0	0	30	0.0	0.1	0.0	0.9	0.0	NON_ARTHROPOD_EUKARYOTE	NON_ARTHROPOD_EUKARYOTE	Non-arthropod eukaryote support 90.0% of taxonomically resolved qualifying hits.	tr|A0A7J5Z9L5|A0A7J5Z9L5_DISMA Uncharacterized protein OS=Dissostichus mawsoni OX=36200 GN=F7725_011491 PE=4 SV=1
g13476.t1	tr|A0A9W2YQV9|A0A9W2YQV9_BIOGL	Biomphalaria glabrata	6526	Eukaryota; Metazoa; Mollusca; Gastropoda; 	31.739	98.0	5.59e-29	124.0	127	158	0	0	0	127	0	0	127	0.0	0.0	0.0	1.0	0.0	NON_ARTHROPOD_EUKARYOTE	NON_ARTHROPOD_EUKARYOTE	Non-arthropod eukaryote support 100.0% of taxonomically resolved qualifying hits.	tr|A0A9W2YQV9|A0A9W2YQV9_BIOGL Serine-rich adhesin for platelets-like OS=Biomphalaria glabrata OX=6526 GN=LOC129922548 PE=4 SV=1
g13529.t1	tr|A0A1J4JUX7|A0A1J4JUX7_9EUKA	Tritrichomonas foetus	1144522	Eukaryota; ; Parabasalia; ; Tritrichomonadida	56.18	76.0	2.2e-23	104.0	11	158	0	0	0	11	0	0	11	0.0	0.0	0.0	1.0	0.0	NON_ARTHROPOD_EUKARYOTE	NON_ARTHROPOD_EUKARYOTE	Non-arthropod eukaryote support 100.0% of taxonomically resolved qualifying hits.	tr|A0A1J4JUX7|A0A1J4JUX7_9EUKA Right handed beta helix domain-containing protein OS=Tritrichomonas foetus OX=1144522 GN=TRFO_29832 PE=4 SV=1
g13580.t1	tr|A0AAE1CJL5|A0AAE1CJL5_9GAST	Elysia crispata	231223	Eukaryota; Metazoa; Mollusca; Gastropoda; 	33.333	86.0	0.00051	49.3	14	50	0	0	0	14	0	0	14	0.0	0.0	0.0	1.0	0.0	NON_ARTHROPOD_EUKARYOTE	NON_ARTHROPOD_EUKARYOTE	Non-arthropod eukaryote support 100.0% of taxonomically resolved qualifying hits.	tr|A0AAE1CJL5|A0AAE1CJL5_9GAST Uncharacterized protein OS=Elysia crispata OX=231223 GN=RRG08_026340 PE=4 SV=1
g13593.t1	tr|A0A433TK20|A0A433TK20_ELYCH	Elysia chlorotica	188477	Eukaryota; Metazoa; Mollusca; Gastropoda; 	36.522	98.0	3.43e-10	64.3	21	63	0	0	0	21	0	0	21	0.0	0.0	0.0	1.0	0.0	NON_ARTHROPOD_EUKARYOTE	NON_ARTHROPOD_EUKARYOTE	Non-arthropod eukaryote support 100.0% of taxonomically resolved qualifying hits.	tr|A0A433TK20|A0A433TK20_ELYCH Uncharacterized protein OS=Elysia chlorotica OX=188477 GN=EGW08_010339 PE=4 SV=1
g13646.t1	tr|A0A210PX53|A0A210PX53_MIZYE	Mizuhopecten yessoensis	6573	Eukaryota; Metazoa; Mollusca; Bivalvia; Pectinida	39.502	91.0	2.14e-78	259.0	33	103	8	0	0	25	0	0	33	0.24242424242424243	0.0	0.0	0.7575757575757576	0.0	NON_ARTHROPOD_EUKARYOTE	NON_ARTHROPOD_EUKARYOTE	Non-arthropod eukaryote support 75.8% of taxonomically resolved qualifying hits.	tr|A0A210PX53|A0A210PX53_MIZYE Uncharacterized protein OS=Mizuhopecten yessoensis OX=6573 GN=KP79_PYT25070 PE=4 SV=1
g13649.t1	tr|A0A1A9WIJ3|A0A1A9WIJ3_9MUSC	Glossina brevipalpis	37001	Eukaryota; Metazoa; Arthropoda; Insecta; Diptera	49.038	75.0	1.64e-10	66.6	35	97	5	0	0	30	0	0	35	0.14285714285714285	0.0	0.0	0.8571428571428571	0.0	NON_ARTHROPOD_EUKARYOTE	NON_ARTHROPOD_EUKARYOTE	Non-arthropod eukaryote support 85.7% of taxonomically resolved qualifying hits.	tr|A0A1A9WIJ3|A0A1A9WIJ3_9MUSC Uncharacterized protein OS=Glossina brevipalpis OX=37001 PE=3 SV=1
g13709.t1	tr|A0AAD8FHC3|A0AAD8FHC3_BIOPF	Biomphalaria pfeifferi	112525	Eukaryota; Metazoa; Mollusca; Gastropoda; 	36.22	89.0	7.89e-08	60.5	23	34	0	2	3	18	0	0	23	0.0	0.08695652173913043	0.13043478260869565	0.782608695652174	0.0	NON_ARTHROPOD_EUKARYOTE	NON_ARTHROPOD_EUKARYOTE	Non-arthropod eukaryote support 78.3% of taxonomically resolved qualifying hits.	tr|A0AAD8FHC3|A0AAD8FHC3_BIOPF Uncharacterized protein OS=Biomphalaria pfeifferi OX=112525 GN=Bpfe_007097 PE=4 SV=1
g13746.t1	tr|A0A210R273|A0A210R273_MIZYE	Mizuhopecten yessoensis	6573	Eukaryota; Metazoa; Mollusca; Bivalvia; Pectinida	37.234	93.0	4.5e-20	89.0	128	206	0	0	14	114	0	0	128	0.0	0.0	0.109375	0.890625	0.0	NON_ARTHROPOD_EUKARYOTE	NON_ARTHROPOD_EUKARYOTE	Non-arthropod eukaryote support 89.1% of taxonomically resolved qualifying hits.	tr|A0A210R273|A0A210R273_MIZYE Uncharacterized protein OS=Mizuhopecten yessoensis OX=6573 GN=KP79_PYT09280 PE=4 SV=1
g13748.t1	tr|A0AAE0Y5W7|A0AAE0Y5W7_9GAST	Elysia crispata	231223	Eukaryota; Metazoa; Mollusca; Gastropoda; 	36.864	98.0	1e-44	171.0	58	90	0	0	0	58	0	0	58	0.0	0.0	0.0	1.0	0.0	NON_ARTHROPOD_EUKARYOTE	NON_ARTHROPOD_EUKARYOTE	Non-arthropod eukaryote support 100.0% of taxonomically resolved qualifying hits.	tr|A0AAE0Y5W7|A0AAE0Y5W7_9GAST Uncharacterized protein OS=Elysia crispata OX=231223 GN=RRG08_004002 PE=4 SV=1
g13761.t1	tr|A0A498M7U3|A0A498M7U3_LABRO	Labeo rohita	84645	Eukaryota; Metazoa; Chordata; Actinopteri; Cypriniformes	40.698	90.0	1.33e-12	69.3	36	36	0	0	0	36	0	0	36	0.0	0.0	0.0	1.0	0.0	NON_ARTHROPOD_EUKARYOTE	NON_ARTHROPOD_EUKARYOTE	Non-arthropod eukaryote support 100.0% of taxonomically resolved qualifying hits.	tr|A0A498M7U3|A0A498M7U3_LABRO Stromal interaction molecule 1-like protein OS=Labeo rohita OX=84645 GN=ROHU_028958 PE=4 SV=1
g13812.t1	tr|A0AAP0FAX6|A0AAP0FAX6_9MAGN	Stephania yunnanensis	152371	Eukaryota; Viridiplantae; Streptophyta; Magnoliopsida; Ranunculales	42.308	84.0	1.18e-14	74.7	10	10	2	0	0	8	0	0	10	0.2	0.0	0.0	0.8	0.0	NON_ARTHROPOD_EUKARYOTE	NON_ARTHROPOD_EUKARYOTE	Non-arthropod eukaryote support 80.0% of taxonomically resolved qualifying hits.	tr|A0AAP0FAX6|A0AAP0FAX6_9MAGN Craniofacial development protein 2-like OS=Stephania yunnanensis OX=152371 GN=Syun_023146 PE=3 SV=1
g13932.t1	tr|A0AAD9N9Z7|A0AAD9N9Z7_9ANNE	Paralvinella palmiformis	53620	Eukaryota; Metazoa; Annelida; Polychaeta; Terebellida	32.593	86.0	3.84e-29	125.0	7	13	1	0	0	6	0	0	7	0.14285714285714285	0.0	0.0	0.8571428571428571	0.0	NON_ARTHROPOD_EUKARYOTE	NON_ARTHROPOD_EUKARYOTE	Non-arthropod eukaryote support 85.7% of taxonomically resolved qualifying hits.	tr|A0AAD9N9Z7|A0AAD9N9Z7_9ANNE SWIM-type domain-containing protein OS=Paralvinella palmiformis OX=53620 GN=LSH36_151g07060 PE=4 SV=1
g14023.t1	tr|A0A8S1A5T9|A0A8S1A5T9_ARCPL	Arctia plantaginis	874455	Eukaryota; Metazoa; Arthropoda; Insecta; Lepidoptera	36.909	93.0	0.0	581.0	5	10	1	0	0	4	0	0	5	0.2	0.0	0.0	0.8	0.0	NON_ARTHROPOD_EUKARYOTE	NON_ARTHROPOD_EUKARYOTE	Non-arthropod eukaryote support 80.0% of taxonomically resolved qualifying hits.	tr|A0A8S1A5T9|A0A8S1A5T9_ARCPL RNA-directed DNA polymerase OS=Arctia plantaginis OX=874455 GN=APLA_LOCUS8054 PE=4 SV=1
g14104.t1	tr|A0A4C1U215|A0A4C1U215_EUMVA	Eumeta variegata	151549	Eukaryota; Metazoa; Arthropoda; Insecta; Lepidoptera	56.621	91.0	2.37e-68	231.0	10	10	2	0	0	8	0	0	10	0.2	0.0	0.0	0.8	0.0	NON_ARTHROPOD_EUKARYOTE	NON_ARTHROPOD_EUKARYOTE	Non-arthropod eukaryote support 80.0% of taxonomically resolved qualifying hits.	tr|A0A4C1U215|A0A4C1U215_EUMVA Uncharacterized protein OS=Eumeta variegata OX=151549 GN=EVAR_10592_1 PE=3 SV=1
g14129.t1	tr|A0A4C1SBY1|A0A4C1SBY1_EUMVA	Eumeta variegata	151549	Eukaryota; Metazoa; Arthropoda; Insecta; Lepidoptera	58.559	98.0	1.4e-16	78.6	20	71	2	0	0	18	0	0	20	0.1	0.0	0.0	0.9	0.0	NON_ARTHROPOD_EUKARYOTE	NON_ARTHROPOD_EUKARYOTE	Non-arthropod eukaryote support 90.0% of taxonomically resolved qualifying hits.	tr|A0A4C1SBY1|A0A4C1SBY1_EUMVA Uncharacterized protein OS=Eumeta variegata OX=151549 GN=EVAR_97396_1 PE=4 SV=1
g14179.t1	tr|A0ABR2SIV9|A0ABR2SIV9_9ROSI	Hibiscus sabdariffa	183260	Eukaryota; Viridiplantae; Streptophyta; Magnoliopsida; Malvales	48.222	99.0	4e-137	413.0	9	10	0	0	0	9	0	0	9	0.0	0.0	0.0	1.0	0.0	NON_ARTHROPOD_EUKARYOTE	NON_ARTHROPOD_EUKARYOTE	Non-arthropod eukaryote support 100.0% of taxonomically resolved qualifying hits.	tr|A0ABR2SIV9|A0ABR2SIV9_9ROSI Reverse transcriptase Ty1/copia-type domain-containing protein OS=Hibiscus sabdariffa OX=183260 GN=V6N11_064750 PE=4 SV=1
g14180.t1	tr|A0ABR2EC05|A0ABR2EC05_9ROSI	Hibiscus sabdariffa	183260	Eukaryota; Viridiplantae; Streptophyta; Magnoliopsida; Malvales	64.348	99.0	9.51e-47	158.0	10	10	0	0	0	10	0	0	10	0.0	0.0	0.0	1.0	0.0	NON_ARTHROPOD_EUKARYOTE	NON_ARTHROPOD_EUKARYOTE	Non-arthropod eukaryote support 100.0% of taxonomically resolved qualifying hits.	tr|A0ABR2EC05|A0ABR2EC05_9ROSI Retrotransposon protein, putative, Ty1-copia subclass OS=Hibiscus sabdariffa OX=183260 GN=V6N12_009875 PE=4 SV=1
g14193.t1	tr|A7S794|A7S794_NEMVE	Nematostella vectensis	45351	Eukaryota; Metazoa; Cnidaria; Anthozoa; Actiniaria	30.79	78.0	3.76e-16	90.1	2	39	0	0	0	2	0	0	2	0.0	0.0	0.0	1.0	0.0	NON_ARTHROPOD_EUKARYOTE	NON_ARTHROPOD_EUKARYOTE	Non-arthropod eukaryote support 100.0% of taxonomically resolved qualifying hits.	tr|A7S794|A7S794_NEMVE Uncharacterized protein (Fragment) OS=Nematostella vectensis OX=45351 GN=NEMVEDRAFT_v1g107189 PE=4 SV=1
g14204.t1	tr|A0AAE0Y5W7|A0AAE0Y5W7_9GAST	Elysia crispata	231223	Eukaryota; Metazoa; Mollusca; Gastropoda; 	37.209	97.0	1.38e-31	131.0	74	122	0	0	0	74	0	0	74	0.0	0.0	0.0	1.0	0.0	NON_ARTHROPOD_EUKARYOTE	NON_ARTHROPOD_EUKARYOTE	Non-arthropod eukaryote support 100.0% of taxonomically resolved qualifying hits.	tr|A0AAE0Y5W7|A0AAE0Y5W7_9GAST Uncharacterized protein OS=Elysia crispata OX=231223 GN=RRG08_004002 PE=4 SV=1
g14371.t1	tr|A0ABQ4B1S6|A0ABQ4B1S6_9ACTN	Actinoplanes palleronii	113570	Bacteria; Bacillati; Actinomycetota; Actinomycetes; Micromonosporales	67.416	77.0	2.94e-24	107.0	131	143	0	5	0	126	0	0	131	0.0	0.03816793893129771	0.0	0.9618320610687023	0.0	NON_ARTHROPOD_EUKARYOTE	NON_ARTHROPOD_EUKARYOTE	Non-arthropod eukaryote support 96.2% of taxonomically resolved qualifying hits.	tr|A0ABQ4B1S6|A0ABQ4B1S6_9ACTN GTPase Era OS=Actinoplanes palleronii OX=113570 GN=era PE=3 SV=1
g14438.t1	tr|A0ABM3D3T8|A0ABM3D3T8_SALSA	Salmo salar	8030	Eukaryota; Metazoa; Chordata; Actinopteri; Salmoniformes	49.841	87.0	8.87e-91	284.0	31	93	0	0	0	31	0	0	31	0.0	0.0	0.0	1.0	0.0	NON_ARTHROPOD_EUKARYOTE	NON_ARTHROPOD_EUKARYOTE	Non-arthropod eukaryote support 100.0% of taxonomically resolved qualifying hits.	tr|A0ABM3D3T8|A0ABM3D3T8_SALSA Golgin subfamily A member 6-like protein 22 OS=Salmo salar OX=8030 GN=LOC106574106 PE=4 SV=1
g14487.t1	tr|A0ACM7C473|A0ACM7C473_ELAGV	Elaeis guineensis var. tenera	51953	Eukaryota; Viridiplantae; Streptophyta; Magnoliopsida; Arecales	46.099	89.0	1.11e-11	72.4	16	43	2	0	0	14	0	0	16	0.125	0.0	0.0	0.875	0.0	NON_ARTHROPOD_EUKARYOTE	NON_ARTHROPOD_EUKARYOTE	Non-arthropod eukaryote support 87.5% of taxonomically resolved qualifying hits.	tr|A0ACM7C473|A0ACM7C473_ELAGV Uncharacterized protein OS=Elaeis guineensis var. tenera OX=51953 GN=LOC140855882 PE=4 SV=1
g14488.t1	tr|A0ACM7BNI2|A0ACM7BNI2_ELAGV	Elaeis guineensis var. tenera	51953	Eukaryota; Viridiplantae; Streptophyta; Magnoliopsida; Arecales	64.657	94.0	0.0	636.0	2	10	0	0	0	2	0	0	2	0.0	0.0	0.0	1.0	0.0	NON_ARTHROPOD_EUKARYOTE	NON_ARTHROPOD_EUKARYOTE	Non-arthropod eukaryote support 100.0% of taxonomically resolved qualifying hits.	tr|A0ACM7BNI2|A0ACM7BNI2_ELAGV Uncharacterized protein OS=Elaeis guineensis var. tenera OX=51953 GN=LOC140853227 PE=4 SV=1
g14491.t1	tr|A0ACM7C473|A0ACM7C473_ELAGV	Elaeis guineensis var. tenera	51953	Eukaryota; Viridiplantae; Streptophyta; Magnoliopsida; Arecales	51.667	71.0	1.57e-33	138.0	3	76	0	0	0	3	0	0	3	0.0	0.0	0.0	1.0	0.0	NON_ARTHROPOD_EUKARYOTE	NON_ARTHROPOD_EUKARYOTE	Non-arthropod eukaryote support 100.0% of taxonomically resolved qualifying hits.	tr|A0ACM7C473|A0ACM7C473_ELAGV Uncharacterized protein OS=Elaeis guineensis var. tenera OX=51953 GN=LOC140855882 PE=4 SV=1
g14493.t1	tr|A0ACM7CQ03|A0ACM7CQ03_ELAGV	Elaeis guineensis var. tenera	51953	Eukaryota; Viridiplantae; Streptophyta; Magnoliopsida; Arecales	89.06	100.0	0.0	881.0	2	10	0	0	0	2	0	0	2	0.0	0.0	0.0	1.0	0.0	NON_ARTHROPOD_EUKARYOTE	NON_ARTHROPOD_EUKARYOTE	Non-arthropod eukaryote support 100.0% of taxonomically resolved qualifying hits.	tr|A0ACM7CQ03|A0ACM7CQ03_ELAGV Uncharacterized protein OS=Elaeis guineensis var. tenera OX=51953 GN=LOC140859053 PE=4 SV=1
g14494.t1	tr|A0ACM7CQD8|A0ACM7CQD8_ELAGV	Elaeis guineensis var. tenera	51953	Eukaryota; Viridiplantae; Streptophyta; Magnoliopsida; Arecales	71.622	97.0	5.88e-138	403.0	7	10	0	0	0	7	0	0	7	0.0	0.0	0.0	1.0	0.0	NON_ARTHROPOD_EUKARYOTE	NON_ARTHROPOD_EUKARYOTE	Non-arthropod eukaryote support 100.0% of taxonomically resolved qualifying hits.	tr|A0ACM7CQD8|A0ACM7CQD8_ELAGV Uncharacterized protein OS=Elaeis guineensis var. tenera OX=51953 GN=LOC140858603 PE=4 SV=1
g14495.t1	tr|A0ACM7BQC9|A0ACM7BQC9_ELAGV	Elaeis guineensis var. tenera	51953	Eukaryota; Viridiplantae; Streptophyta; Magnoliopsida; Arecales	83.953	95.0	0.0	959.0	3	10	0	0	0	3	0	0	3	0.0	0.0	0.0	1.0	0.0	NON_ARTHROPOD_EUKARYOTE	NON_ARTHROPOD_EUKARYOTE	Non-arthropod eukaryote support 100.0% of taxonomically resolved qualifying hits.	tr|A0ACM7BQC9|A0ACM7BQC9_ELAGV Uncharacterized protein OS=Elaeis guineensis var. tenera OX=51953 GN=LOC140853682 PE=4 SV=1
g14496.t1	tr|A0ABY7E5Q1|A0ABY7E5Q1_MYAAR	Mya arenaria	6604	Eukaryota; Metazoa; Mollusca; Bivalvia; Myida	35.123	83.0	1.43e-68	250.0	22	129	0	0	0	22	0	0	22	0.0	0.0	0.0	1.0	0.0	NON_ARTHROPOD_EUKARYOTE	NON_ARTHROPOD_EUKARYOTE	Non-arthropod eukaryote support 100.0% of taxonomically resolved qualifying hits.	tr|A0ABY7E5Q1|A0ABY7E5Q1_MYAAR PLIN4-like protein (Fragment) OS=Mya arenaria OX=6604 GN=MAR_019883 PE=4 SV=1
g14498.t1	tr|A0ACM7CQ03|A0ACM7CQ03_ELAGV	Elaeis guineensis var. tenera	51953	Eukaryota; Viridiplantae; Streptophyta; Magnoliopsida; Arecales	90.667	98.0	0.0	903.0	2	10	0	0	0	2	0	0	2	0.0	0.0	0.0	1.0	0.0	NON_ARTHROPOD_EUKARYOTE	NON_ARTHROPOD_EUKARYOTE	Non-arthropod eukaryote support 100.0% of taxonomically resolved qualifying hits.	tr|A0ACM7CQ03|A0ACM7CQ03_ELAGV Uncharacterized protein OS=Elaeis guineensis var. tenera OX=51953 GN=LOC140859053 PE=4 SV=1
g14499.t1	tr|A0ACM7CQD8|A0ACM7CQD8_ELAGV	Elaeis guineensis var. tenera	51953	Eukaryota; Viridiplantae; Streptophyta; Magnoliopsida; Arecales	87.088	100.0	0.0	628.0	6	10	0	0	0	6	0	0	6	0.0	0.0	0.0	1.0	0.0	NON_ARTHROPOD_EUKARYOTE	NON_ARTHROPOD_EUKARYOTE	Non-arthropod eukaryote support 100.0% of taxonomically resolved qualifying hits.	tr|A0ACM7CQD8|A0ACM7CQD8_ELAGV Uncharacterized protein OS=Elaeis guineensis var. tenera OX=51953 GN=LOC140858603 PE=4 SV=1
g14500.t1	tr|A0ACM7CPC1|A0ACM7CPC1_ELAGV	Elaeis guineensis var. tenera	51953	Eukaryota; Viridiplantae; Streptophyta; Magnoliopsida; Arecales	73.077	88.0	6.92e-177	515.0	3	10	0	0	0	3	0	0	3	0.0	0.0	0.0	1.0	0.0	NON_ARTHROPOD_EUKARYOTE	NON_ARTHROPOD_EUKARYOTE	Non-arthropod eukaryote support 100.0% of taxonomically resolved qualifying hits.	tr|A0ACM7CPC1|A0ACM7CPC1_ELAGV Uncharacterized protein OS=Elaeis guineensis var. tenera OX=51953 GN=LOC140858806 PE=4 SV=1
g14606.t1	tr|A0AAE0Y5W7|A0AAE0Y5W7_9GAST	Elysia crispata	231223	Eukaryota; Metazoa; Mollusca; Gastropoda; 	36.449	98.0	4.24e-40	156.0	51	99	0	0	0	51	0	0	51	0.0	0.0	0.0	1.0	0.0	NON_ARTHROPOD_EUKARYOTE	NON_ARTHROPOD_EUKARYOTE	Non-arthropod eukaryote support 100.0% of taxonomically resolved qualifying hits.	tr|A0AAE0Y5W7|A0AAE0Y5W7_9GAST Uncharacterized protein OS=Elysia crispata OX=231223 GN=RRG08_004002 PE=4 SV=1
g14759.t1	tr|A0A9D4JL85|A0A9D4JL85_DREPO	Dreissena polymorpha	45954	Eukaryota; Metazoa; Mollusca; Bivalvia; Myida	32.942	89.0	3e-72	267.0	2	28	0	0	0	2	0	0	2	0.0	0.0	0.0	1.0	0.0	NON_ARTHROPOD_EUKARYOTE	NON_ARTHROPOD_EUKARYOTE	Non-arthropod eukaryote support 100.0% of taxonomically resolved qualifying hits.	tr|A0A9D4JL85|A0A9D4JL85_DREPO Uncharacterized protein OS=Dreissena polymorpha OX=45954 GN=DPMN_141401 PE=4 SV=1
g14769.t1	tr|A0AAE0Z4S3|A0AAE0Z4S3_9GAST	Elysia crispata	231223	Eukaryota; Metazoa; Mollusca; Gastropoda; 	40.252	99.0	1.81e-24	103.0	49	117	0	13	0	36	0	0	49	0.0	0.2653061224489796	0.0	0.7346938775510204	0.0	NON_ARTHROPOD_EUKARYOTE	NON_ARTHROPOD_EUKARYOTE	Non-arthropod eukaryote support 73.5% of taxonomically resolved qualifying hits.	tr|A0AAE0Z4S3|A0AAE0Z4S3_9GAST t-SNARE coiled-coil homology domain-containing protein OS=Elysia crispata OX=231223 GN=RRG08_008126 PE=4 SV=1
g14873.t2	tr|A0A8K9WM74|A0A8K9WM74_ONCMY	Oncorhynchus mykiss	8022	Eukaryota; Metazoa; Chordata; Actinopteri; Salmoniformes	34.73	90.0	1.9e-177	605.0	184	274	0	0	0	184	0	0	184	0.0	0.0	0.0	1.0	0.0	NON_ARTHROPOD_EUKARYOTE	NON_ARTHROPOD_EUKARYOTE	Non-arthropod eukaryote support 100.0% of taxonomically resolved qualifying hits.	tr|A0A8K9WM74|A0A8K9WM74_ONCMY Uncharacterized protein OS=Oncorhynchus mykiss OX=8022 PE=4 SV=1
g14889.t1	tr|A0A8C2Z884|A0A8C2Z884_CYCLU	Cyclopterus lumpus	8103	Eukaryota; Metazoa; Chordata; Actinopteri; Perciformes	32.414	77.0	7.3e-07	58.9	10	52	0	0	0	10	0	0	10	0.0	0.0	0.0	1.0	0.0	NON_ARTHROPOD_EUKARYOTE	NON_ARTHROPOD_EUKARYOTE	Non-arthropod eukaryote support 100.0% of taxonomically resolved qualifying hits.	tr|A0A8C2Z884|A0A8C2Z884_CYCLU Uncharacterized protein OS=Cyclopterus lumpus OX=8103 PE=4 SV=1
g14978.t1	tr|A0ACF8W094|A0ACF8W094_9ORYZ	Zizania latifolia	58934	Eukaryota; Viridiplantae; Streptophyta; Magnoliopsida; Poales	32.117	82.0	1.21e-05	54.7	24	56	0	0	0	24	0	0	24	0.0	0.0	0.0	1.0	0.0	NON_ARTHROPOD_EUKARYOTE	NON_ARTHROPOD_EUKARYOTE	Non-arthropod eukaryote support 100.0% of taxonomically resolved qualifying hits.	tr|A0ACF8W094|A0ACF8W094_9ORYZ Uncharacterized protein OS=Zizania latifolia OX=58934 GN=ABZP36_028319 PE=4 SV=1
g15054.t1	tr|A0AAE0Y5W7|A0AAE0Y5W7_9GAST	Elysia crispata	231223	Eukaryota; Metazoa; Mollusca; Gastropoda; 	42.593	95.0	6.68e-05	48.1	27	65	2	0	0	25	0	0	27	0.07407407407407407	0.0	0.0	0.9259259259259259	0.0	NON_ARTHROPOD_EUKARYOTE	NON_ARTHROPOD_EUKARYOTE	Non-arthropod eukaryote support 92.6% of taxonomically resolved qualifying hits.	tr|A0AAE0Y5W7|A0AAE0Y5W7_9GAST Uncharacterized protein OS=Elysia crispata OX=231223 GN=RRG08_004002 PE=4 SV=1
g15081.t1	tr|A0ACM8BDX5|A0ACM8BDX5_PETMA	Petromyzon marinus	7757	Eukaryota; Metazoa; Chordata; Hyperoartia; Petromyzontiformes	37.931	78.0	0.024	42.0	4	11	0	0	0	4	0	0	4	0.0	0.0	0.0	1.0	0.0	NON_ARTHROPOD_EUKARYOTE	NON_ARTHROPOD_EUKARYOTE	Non-arthropod eukaryote support 100.0% of taxonomically resolved qualifying hits.	tr|A0ACM8BDX5|A0ACM8BDX5_PETMA Uncharacterized protein LOC116945425 OS=Petromyzon marinus OX=7757 GN=LOC116945425 PE=4 SV=1
g15100.t1	tr|A7RF23|A7RF23_NEMVE	Nematostella vectensis	45351	Eukaryota; Metazoa; Cnidaria; Anthozoa; Actiniaria	49.711	84.0	1.9e-43	155.0	65	104	3	0	0	62	0	0	65	0.046153846153846156	0.0	0.0	0.9538461538461539	0.0	NON_ARTHROPOD_EUKARYOTE	NON_ARTHROPOD_EUKARYOTE	Non-arthropod eukaryote support 95.4% of taxonomically resolved qualifying hits.	tr|A7RF23|A7RF23_NEMVE Uncharacterized protein (Fragment) OS=Nematostella vectensis OX=45351 GN=NEMVEDRAFT_v1g78968 PE=4 SV=1
g15124.t1	tr|A0AAD8BUW0|A0AAD8BUW0_BIOPF	Biomphalaria pfeifferi	112525	Eukaryota; Metazoa; Mollusca; Gastropoda; 	43.158	98.0	5.73e-37	139.0	57	70	0	0	0	57	0	0	57	0.0	0.0	0.0	1.0	0.0	NON_ARTHROPOD_EUKARYOTE	NON_ARTHROPOD_EUKARYOTE	Non-arthropod eukaryote support 100.0% of taxonomically resolved qualifying hits.	tr|A0AAD8BUW0|A0AAD8BUW0_BIOPF Uncharacterized protein OS=Biomphalaria pfeifferi OX=112525 GN=Bpfe_010421 PE=4 SV=1
g15251.t1	tr|A0AAD9N9Z7|A0AAD9N9Z7_9ANNE	Paralvinella palmiformis	53620	Eukaryota; Metazoa; Annelida; Polychaeta; Terebellida	32.157	90.0	1.65e-26	116.0	5	12	0	0	0	5	0	0	5	0.0	0.0	0.0	1.0	0.0	NON_ARTHROPOD_EUKARYOTE	NON_ARTHROPOD_EUKARYOTE	Non-arthropod eukaryote support 100.0% of taxonomically resolved qualifying hits.	tr|A0AAD9N9Z7|A0AAD9N9Z7_9ANNE SWIM-type domain-containing protein OS=Paralvinella palmiformis OX=53620 GN=LSH36_151g07060 PE=4 SV=1
g15263.t1	tr|A0A0N4TA91|A0A0N4TA91_BRUPA	Brugia pahangi	6280	Eukaryota; Metazoa; Nematoda; Chromadorea; Rhabditida	30.986	77.0	2.63e-05	48.9	12	68	0	0	1	11	0	0	12	0.0	0.0	0.08333333333333333	0.9166666666666666	0.0	NON_ARTHROPOD_EUKARYOTE	NON_ARTHROPOD_EUKARYOTE	Non-arthropod eukaryote support 91.7% of taxonomically resolved qualifying hits.	tr|A0A0N4TA91|A0A0N4TA91_BRUPA CA domain-containing protein OS=Brugia pahangi OX=6280 GN=BPAG_LOCUS5093 PE=4 SV=1
g15488.t1	tr|A0A2G2ZTI9|A0A2G2ZTI9_CAPAN	Capsicum annuum	4072	Eukaryota; Viridiplantae; Streptophyta; Magnoliopsida; Solanales	30.882	80.0	0.000104	48.5	11	32	2	0	0	9	0	0	11	0.18181818181818182	0.0	0.0	0.8181818181818182	0.0	NON_ARTHROPOD_EUKARYOTE	NON_ARTHROPOD_EUKARYOTE	Non-arthropod eukaryote support 81.8% of taxonomically resolved qualifying hits.	tr|A0A2G2ZTI9|A0A2G2ZTI9_CAPAN F-box domain-containing protein OS=Capsicum annuum OX=4072 GN=T459_07367 PE=4 SV=1
g15489.t1	tr|A0A2G2ZTI9|A0A2G2ZTI9_CAPAN	Capsicum annuum	4072	Eukaryota; Viridiplantae; Streptophyta; Magnoliopsida; Solanales	36.486	74.0	1.66e-08	59.3	61	71	0	0	0	61	0	0	61	0.0	0.0	0.0	1.0	0.0	NON_ARTHROPOD_EUKARYOTE	NON_ARTHROPOD_EUKARYOTE	Non-arthropod eukaryote support 100.0% of taxonomically resolved qualifying hits.	tr|A0A2G2ZTI9|A0A2G2ZTI9_CAPAN F-box domain-containing protein OS=Capsicum annuum OX=4072 GN=T459_07367 PE=4 SV=1
g15536.t1	tr|A0ACF8RJE1|A0ACF8RJE1_SOLVE	Solemya velum	13268	Eukaryota; Metazoa; Mollusca; Bivalvia; Solemyida	32.099	98.0	5.24e-06	53.1	4	121	0	0	0	4	0	0	4	0.0	0.0	0.0	1.0	0.0	NON_ARTHROPOD_EUKARYOTE	NON_ARTHROPOD_EUKARYOTE	Non-arthropod eukaryote support 100.0% of taxonomically resolved qualifying hits.	tr|A0ACF8RJE1|A0ACF8RJE1_SOLVE Uncharacterized protein OS=Solemya velum OX=13268 GN=ScPMuIL_008737 PE=4 SV=1
g15549.t1	tr|A0AAE1AYC2|A0AAE1AYC2_9GAST	Elysia crispata	231223	Eukaryota; Metazoa; Mollusca; Gastropoda; 	33.511	73.0	0.002	50.4	3	24	0	0	0	3	0	0	3	0.0	0.0	0.0	1.0	0.0	NON_ARTHROPOD_EUKARYOTE	NON_ARTHROPOD_EUKARYOTE	Non-arthropod eukaryote support 100.0% of taxonomically resolved qualifying hits.	tr|A0AAE1AYC2|A0AAE1AYC2_9GAST Uncharacterized protein OS=Elysia crispata OX=231223 GN=RRG08_013286 PE=4 SV=1
g15745.t1	tr|A0A6J8ER36|A0A6J8ER36_MYTCO	Mytilus coruscus	42192	Eukaryota; Metazoa; Mollusca; Bivalvia; Mytilida	47.475	93.0	1.93e-18	86.3	4	10	0	0	0	4	0	0	4	0.0	0.0	0.0	1.0	0.0	NON_ARTHROPOD_EUKARYOTE	NON_ARTHROPOD_EUKARYOTE	Non-arthropod eukaryote support 100.0% of taxonomically resolved qualifying hits.	tr|A0A6J8ER36|A0A6J8ER36_MYTCO THAP-type domain-containing protein OS=Mytilus coruscus OX=42192 GN=MCOR_54425 PE=4 SV=1
g15827.t1	tr|A0A4Z2E0U8|A0A4Z2E0U8_9TELE	Liparis tanakae	230148	Eukaryota; Metazoa; Chordata; Actinopteri; Perciformes	53.846	91.0	5.08e-11	64.3	93	128	23	0	0	70	0	0	93	0.24731182795698925	0.0	0.0	0.7526881720430108	0.0	NON_ARTHROPOD_EUKARYOTE	NON_ARTHROPOD_EUKARYOTE	Non-arthropod eukaryote support 75.3% of taxonomically resolved qualifying hits.	tr|A0A4Z2E0U8|A0A4Z2E0U8_9TELE Salivary glue protein Sgs-3 OS=Liparis tanakae OX=230148 GN=Sgs3 PE=4 SV=1
g15910.t1	tr|A0A210PV89|A0A210PV89_MIZYE	Mizuhopecten yessoensis	6573	Eukaryota; Metazoa; Mollusca; Bivalvia; Pectinida	32.09	70.0	4.24e-07	59.7	66	139	0	0	0	66	0	0	66	0.0	0.0	0.0	1.0	0.0	NON_ARTHROPOD_EUKARYOTE	NON_ARTHROPOD_EUKARYOTE	Non-arthropod eukaryote support 100.0% of taxonomically resolved qualifying hits.	tr|A0A210PV89|A0A210PV89_MIZYE Uncharacterized protein OS=Mizuhopecten yessoensis OX=6573 GN=KP79_PYT08903 PE=4 SV=1
g15959.t1	tr|A0A8C3Y512|A0A8C3Y512_CATUS	Catharus ustulatus	91951	Eukaryota; Metazoa; Chordata; Aves; Passeriformes	38.776	92.0	6.89e-11	66.2	11	24	0	0	0	11	0	0	11	0.0	0.0	0.0	1.0	0.0	NON_ARTHROPOD_EUKARYOTE	NON_ARTHROPOD_EUKARYOTE	Non-arthropod eukaryote support 100.0% of taxonomically resolved qualifying hits.	tr|A0A8C3Y512|A0A8C3Y512_CATUS Uncharacterized protein OS=Catharus ustulatus OX=91951 PE=4 SV=1
g16011.t1	tr|A0AAV2MM04|A0AAV2MM04_KNICA	Knipowitschia caucasica	637954	Eukaryota; Metazoa; Chordata; Actinopteri; Gobiiformes	31.034	87.0	7.92e-18	92.0	4	83	0	0	0	4	0	0	4	0.0	0.0	0.0	1.0	0.0	NON_ARTHROPOD_EUKARYOTE	NON_ARTHROPOD_EUKARYOTE	Non-arthropod eukaryote support 100.0% of taxonomically resolved qualifying hits.	tr|A0AAV2MM04|A0AAV2MM04_KNICA Uncharacterized protein OS=Knipowitschia caucasica OX=637954 GN=KC01_LOCUS40541 PE=4 SV=1
g16029.t1	tr|A0A4S4EPZ4|A0A4S4EPZ4_CAMSN	Camellia sinensis var. sinensis	542762	Eukaryota; Viridiplantae; Streptophyta; Magnoliopsida; Ericales	37.255	72.0	4.42e-09	63.9	19	56	0	0	0	19	0	0	19	0.0	0.0	0.0	1.0	0.0	NON_ARTHROPOD_EUKARYOTE	NON_ARTHROPOD_EUKARYOTE	Non-arthropod eukaryote support 100.0% of taxonomically resolved qualifying hits.	tr|A0A4S4EPZ4|A0A4S4EPZ4_CAMSN Protein kinase domain-containing protein OS=Camellia sinensis var. sinensis OX=542762 GN=TEA_017150 PE=4 SV=1
g16060.t1	tr|A0A0C3H4U7|A0A0C3H4U7_OIDMZ	Oidiodendron maius (strain Zn)	913774	Eukaryota; Fungi; Ascomycota; Leotiomycetes; 	31.818	85.0	3.32e-11	65.9	76	110	0	0	5	71	0	0	76	0.0	0.0	0.06578947368421052	0.9342105263157895	0.0	NON_ARTHROPOD_EUKARYOTE	NON_ARTHROPOD_EUKARYOTE	Non-arthropod eukaryote support 93.4% of taxonomically resolved qualifying hits.	tr|A0A0C3H4U7|A0A0C3H4U7_OIDMZ Uncharacterized protein OS=Oidiodendron maius (strain Zn) OX=913774 GN=OIDMADRAFT_146970 PE=4 SV=1
g16355.t1	tr|A0A8S3RWV4|A0A8S3RWV4_MYTED	Mytilus edulis	6550	Eukaryota; Metazoa; Mollusca; Bivalvia; Mytilida	30.476	93.0	2.99e-07	57.4	28	35	0	0	4	24	0	0	28	0.0	0.0	0.14285714285714285	0.8571428571428571	0.0	NON_ARTHROPOD_EUKARYOTE	NON_ARTHROPOD_EUKARYOTE	Non-arthropod eukaryote support 85.7% of taxonomically resolved qualifying hits.	tr|A0A8S3RWV4|A0A8S3RWV4_MYTED Ig-like domain-containing protein OS=Mytilus edulis OX=6550 GN=MEDL_27980 PE=4 SV=1
g16356.t1	tr|A0A8S3RWV4|A0A8S3RWV4_MYTED	Mytilus edulis	6550	Eukaryota; Metazoa; Mollusca; Bivalvia; Mytilida	34.524	88.0	4.3e-08	59.7	98	109	0	3	2	93	0	0	98	0.0	0.030612244897959183	0.02040816326530612	0.9489795918367347	0.0	NON_ARTHROPOD_EUKARYOTE	NON_ARTHROPOD_EUKARYOTE	Non-arthropod eukaryote support 94.9% of taxonomically resolved qualifying hits.	tr|A0A8S3RWV4|A0A8S3RWV4_MYTED Ig-like domain-containing protein OS=Mytilus edulis OX=6550 GN=MEDL_27980 PE=4 SV=1
g16388.t1	tr|A0A674PEE9|A0A674PEE9_TAKRU	Takifugu rubripes	31033	Eukaryota; Metazoa; Chordata; Actinopteri; Tetraodontiformes	41.509	89.0	1.08e-54	196.0	97	147	0	0	0	97	0	0	97	0.0	0.0	0.0	1.0	0.0	NON_ARTHROPOD_EUKARYOTE	NON_ARTHROPOD_EUKARYOTE	Non-arthropod eukaryote support 100.0% of taxonomically resolved qualifying hits.	tr|A0A674PEE9|A0A674PEE9_TAKRU Uncharacterized protein OS=Takifugu rubripes OX=31033 PE=4 SV=1
g16441.t2	tr|A0ABD2JUQ5|A0ABD2JUQ5_9BILA	Heterodera trifolii	157864	Eukaryota; Metazoa; Nematoda; Chromadorea; Rhabditida	43.396	82.0	1.53e-06	56.6	13	48	0	0	0	13	0	0	13	0.0	0.0	0.0	1.0	0.0	NON_ARTHROPOD_EUKARYOTE	NON_ARTHROPOD_EUKARYOTE	Non-arthropod eukaryote support 100.0% of taxonomically resolved qualifying hits.	tr|A0ABD2JUQ5|A0ABD2JUQ5_9BILA phospholipase A2 OS=Heterodera trifolii OX=157864 GN=niasHT_028268 PE=4 SV=1
g16450.t1	tr|A0A091DGN0|A0A091DGN0_FUKDA	Fukomys damarensis	885580	Eukaryota; Metazoa; Chordata; Mammalia; Rodentia	30.805	98.0	6.88e-83	299.0	23	422	0	0	0	23	0	0	23	0.0	0.0	0.0	1.0	0.0	NON_ARTHROPOD_EUKARYOTE	NON_ARTHROPOD_EUKARYOTE	Non-arthropod eukaryote support 100.0% of taxonomically resolved qualifying hits.	tr|A0A091DGN0|A0A091DGN0_FUKDA Uteroglobin OS=Fukomys damarensis OX=885580 GN=H920_09057 PE=4 SV=1
g16469.t1	tr|A0A811JVM5|A0A811JVM5_9BILA	Bursaphelenchus okinawaensis	465554	Eukaryota; Metazoa; Nematoda; Chromadorea; Rhabditida	43.478	78.0	2.06e-09	63.2	91	118	0	0	0	91	0	0	91	0.0	0.0	0.0	1.0	0.0	NON_ARTHROPOD_EUKARYOTE	NON_ARTHROPOD_EUKARYOTE	Non-arthropod eukaryote support 100.0% of taxonomically resolved qualifying hits.	tr|A0A811JVM5|A0A811JVM5_9BILA Uncharacterized protein OS=Bursaphelenchus okinawaensis OX=465554 GN=BOKJ2_LOCUS2173 PE=4 SV=1
g16496.t1	tr|A0ABY7F3D3|A0ABY7F3D3_MYAAR	Mya arenaria	6604	Eukaryota; Metazoa; Mollusca; Bivalvia; Myida	33.841	78.0	1.81e-173	519.0	952	971	7	0	0	945	0	0	952	0.007352941176470588	0.0	0.0	0.9926470588235294	0.0	NON_ARTHROPOD_EUKARYOTE	NON_ARTHROPOD_EUKARYOTE	Non-arthropod eukaryote support 99.3% of taxonomically resolved qualifying hits.	tr|A0ABY7F3D3|A0ABY7F3D3_MYAAR DAZ2-like protein OS=Mya arenaria OX=6604 GN=MAR_005394 PE=4 SV=1
g16838.t1	tr|A0A0P0WIM6|A0A0P0WIM6_ORYSJ	Oryza sativa subsp. japonica	39947	Eukaryota; Viridiplantae; Streptophyta; Magnoliopsida; Poales	35.465	80.0	1.77e-13	80.9	31	49	0	0	0	31	0	0	31	0.0	0.0	0.0	1.0	0.0	NON_ARTHROPOD_EUKARYOTE	NON_ARTHROPOD_EUKARYOTE	Non-arthropod eukaryote support 100.0% of taxonomically resolved qualifying hits.	tr|A0A0P0WIM6|A0A0P0WIM6_ORYSJ Os05g0164900 protein (Fragment) OS=Oryza sativa subsp. japonica OX=39947 GN=Os05g0164900 PE=1 SV=1
g16842.t1	tr|A0A8S3ZWS5|A0A8S3ZWS5_9EUPU	Candidula unifasciata	100452	Eukaryota; Metazoa; Mollusca; Gastropoda; Stylommatophora	38.235	97.0	3.64e-17	85.9	77	88	0	0	2	75	0	0	77	0.0	0.0	0.025974025974025976	0.974025974025974	0.0	NON_ARTHROPOD_EUKARYOTE	NON_ARTHROPOD_EUKARYOTE	Non-arthropod eukaryote support 97.4% of taxonomically resolved qualifying hits.	tr|A0A8S3ZWS5|A0A8S3ZWS5_9EUPU Uncharacterized protein (Fragment) OS=Candidula unifasciata OX=100452 GN=CUNI_LOCUS16804 PE=4 SV=1
g16894.t1	tr|A0ACB9VXR8|A0ACB9VXR8_CHAAC	Chaenocephalus aceratus	36190	Eukaryota; Metazoa; Chordata; Actinopteri; Perciformes	48.901	70.0	8.18e-36	135.0	6	92	0	0	0	6	0	0	6	0.0	0.0	0.0	1.0	0.0	NON_ARTHROPOD_EUKARYOTE	NON_ARTHROPOD_EUKARYOTE	Non-arthropod eukaryote support 100.0% of taxonomically resolved qualifying hits.	tr|A0ACB9VXR8|A0ACB9VXR8_CHAAC Uncharacterized protein OS=Chaenocephalus aceratus OX=36190 GN=KUCAC02_026362 PE=4 SV=1
g16936.t1	tr|A8Y0Z6|A8Y0Z6_CAEBR	Caenorhabditis briggsae	6238	Eukaryota; Metazoa; Nematoda; Chromadorea; Rhabditida	38.356	99.0	2.82e-09	60.5	93	103	0	0	0	93	0	0	93	0.0	0.0	0.0	1.0	0.0	NON_ARTHROPOD_EUKARYOTE	NON_ARTHROPOD_EUKARYOTE	Non-arthropod eukaryote support 100.0% of taxonomically resolved qualifying hits.	tr|A8Y0Z6|A8Y0Z6_CAEBR Protein CBG21854 OS=Caenorhabditis briggsae OX=6238 GN=CBG21854 PE=4 SV=2
g16998.t1	tr|A0A8U1F3W5|A0A8U1F3W5_SALNM	Salvelinus namaycush	8040	Eukaryota; Metazoa; Chordata; Actinopteri; Salmoniformes	38.142	98.0	1.53e-78	284.0	9	74	0	0	0	9	0	0	9	0.0	0.0	0.0	1.0	0.0	NON_ARTHROPOD_EUKARYOTE	NON_ARTHROPOD_EUKARYOTE	Non-arthropod eukaryote support 100.0% of taxonomically resolved qualifying hits.	tr|A0A8U1F3W5|A0A8U1F3W5_SALNM Smoothelin-like OS=Salvelinus namaycush OX=8040 GN=LOC120062999 PE=3 SV=1
g16999.t1	tr|A0ABD0LW83|A0ABD0LW83_9CAEN	Batillaria attramentaria	370345	Eukaryota; Metazoa; Mollusca; Gastropoda; 	35.404	98.0	7.56e-20	90.5	57	68	0	0	0	57	0	0	57	0.0	0.0	0.0	1.0	0.0	NON_ARTHROPOD_EUKARYOTE	NON_ARTHROPOD_EUKARYOTE	Non-arthropod eukaryote support 100.0% of taxonomically resolved qualifying hits.	tr|A0ABD0LW83|A0ABD0LW83_9CAEN Uncharacterized protein OS=Batillaria attramentaria OX=370345 GN=BaRGS_00005379 PE=4 SV=1
g17000.t1	tr|A0AAV3ZJ98|A0AAV3ZJ98_9GAST	Plakobranchus ocellatus	259542	Eukaryota; Metazoa; Mollusca; Gastropoda; 	35.385	93.0	4.84e-06	49.7	22	38	0	0	0	22	0	0	22	0.0	0.0	0.0	1.0	0.0	NON_ARTHROPOD_EUKARYOTE	NON_ARTHROPOD_EUKARYOTE	Non-arthropod eukaryote support 100.0% of taxonomically resolved qualifying hits.	tr|A0AAV3ZJ98|A0AAV3ZJ98_9GAST Uncharacterized protein OS=Plakobranchus ocellatus OX=259542 GN=PoB_002190400 PE=4 SV=1
g17048.t1	tr|A0AA88YIS2|A0AA88YIS2_PINIB	Pinctada imbricata	66713	Eukaryota; Metazoa; Mollusca; Bivalvia; Pterioida	54.444	82.0	4.94e-28	117.0	81	109	0	18	0	63	0	0	81	0.0	0.2222222222222222	0.0	0.7777777777777778	0.0	NON_ARTHROPOD_EUKARYOTE	NON_ARTHROPOD_EUKARYOTE	Non-arthropod eukaryote support 77.8% of taxonomically resolved qualifying hits.	tr|A0AA88YIS2|A0AA88YIS2_PINIB Cadherin domain-containing protein OS=Pinctada imbricata OX=66713 GN=FSP39_008797 PE=4 SV=1
g17124.t1	tr|V4ACB5|V4ACB5_LOTGI	Lottia gigantea	225164	Eukaryota; Metazoa; Mollusca; Gastropoda; 	42.069	94.0	8.39e-16	82.4	28	46	2	0	0	26	0	0	28	0.07142857142857142	0.0	0.0	0.9285714285714286	0.0	NON_ARTHROPOD_EUKARYOTE	NON_ARTHROPOD_EUKARYOTE	Non-arthropod eukaryote support 92.9% of taxonomically resolved qualifying hits.	tr|V4ACB5|V4ACB5_LOTGI Transposase Helix-turn-helix domain-containing protein OS=Lottia gigantea OX=225164 GN=LOTGIDRAFT_161163 PE=4 SV=1
g17259.t1	tr|A0AAV7M0S7|A0AAV7M0S7_PLEWA	Pleurodeles waltl	8319	Eukaryota; Metazoa; Chordata; Amphibia; Caudata	31.236	99.0	5.05e-143	497.0	2	100	0	0	0	2	0	0	2	0.0	0.0	0.0	1.0	0.0	NON_ARTHROPOD_EUKARYOTE	NON_ARTHROPOD_EUKARYOTE	Non-arthropod eukaryote support 100.0% of taxonomically resolved qualifying hits.	tr|A0AAV7M0S7|A0AAV7M0S7_PLEWA Uncharacterized protein OS=Pleurodeles waltl OX=8319 GN=NDU88_000641 PE=4 SV=1
g17263.t1	tr|A0A8K9UYU5|A0A8K9UYU5_ONCMY	Oncorhynchus mykiss	8022	Eukaryota; Metazoa; Chordata; Actinopteri; Salmoniformes	39.241	78.0	8.91e-20	94.4	46	205	0	0	0	46	0	0	46	0.0	0.0	0.0	1.0	0.0	NON_ARTHROPOD_EUKARYOTE	NON_ARTHROPOD_EUKARYOTE	Non-arthropod eukaryote support 100.0% of taxonomically resolved qualifying hits.	tr|A0A8K9UYU5|A0A8K9UYU5_ONCMY Uncharacterized protein OS=Oncorhynchus mykiss OX=8022 PE=4 SV=1
g17272.t1	tr|A0A419PYP1|A0A419PYP1_CLOSI	Clonorchis sinensis	79923	Eukaryota; Metazoa; Platyhelminthes; Trematoda; Opisthorchiida	50.466	100.0	0.0	776.0	733	742	33	0	0	700	0	0	733	0.045020463847203276	0.0	0.0	0.9549795361527967	0.0	NON_ARTHROPOD_EUKARYOTE	NON_ARTHROPOD_EUKARYOTE	Non-arthropod eukaryote support 95.5% of taxonomically resolved qualifying hits.	tr|A0A419PYP1|A0A419PYP1_CLOSI Uncharacterized protein OS=Clonorchis sinensis OX=79923 GN=CSKR_107468 PE=4 SV=1
g17273.t1	tr|A0A8C4Q173|A0A8C4Q173_EPTBU	Eptatretus burgeri	7764	Eukaryota; Metazoa; Chordata; Myxini; Myxiniformes	77.778	100.0	2.9e-175	520.0	1001	1053	2	0	0	999	0	0	1001	0.001998001998001998	0.0	0.0	0.998001998001998	0.0	NON_ARTHROPOD_EUKARYOTE	NON_ARTHROPOD_EUKARYOTE	Non-arthropod eukaryote support 99.8% of taxonomically resolved qualifying hits.	tr|A0A8C4Q173|A0A8C4Q173_EPTBU Uncharacterized protein OS=Eptatretus burgeri OX=7764 PE=4 SV=1
g17274.t4	tr|A0A8C4Q173|A0A8C4Q173_EPTBU	Eptatretus burgeri	7764	Eukaryota; Metazoa; Chordata; Myxini; Myxiniformes	76.535	99.0	0.0	580.0	722	724	0	0	0	722	0	0	722	0.0	0.0	0.0	1.0	0.0	NON_ARTHROPOD_EUKARYOTE	NON_ARTHROPOD_EUKARYOTE	Non-arthropod eukaryote support 100.0% of taxonomically resolved qualifying hits.	tr|A0A8C4Q173|A0A8C4Q173_EPTBU Uncharacterized protein OS=Eptatretus burgeri OX=7764 PE=4 SV=1
g17275.t1	tr|A0A8C4Q173|A0A8C4Q173_EPTBU	Eptatretus burgeri	7764	Eukaryota; Metazoa; Chordata; Myxini; Myxiniformes	81.884	100.0	5.42e-89	288.0	100	100	6	0	0	94	0	0	100	0.06	0.0	0.0	0.94	0.0	NON_ARTHROPOD_EUKARYOTE	NON_ARTHROPOD_EUKARYOTE	Non-arthropod eukaryote support 94.0% of taxonomically resolved qualifying hits.	tr|A0A8C4Q173|A0A8C4Q173_EPTBU Uncharacterized protein OS=Eptatretus burgeri OX=7764 PE=4 SV=1
g17290.t1	tr|A0A8S3YQE6|A0A8S3YQE6_9EUPU	Candidula unifasciata	100452	Eukaryota; Metazoa; Mollusca; Gastropoda; Stylommatophora	30.303	91.0	0.01	42.7	4	31	0	0	0	4	0	0	4	0.0	0.0	0.0	1.0	0.0	NON_ARTHROPOD_EUKARYOTE	NON_ARTHROPOD_EUKARYOTE	Non-arthropod eukaryote support 100.0% of taxonomically resolved qualifying hits.	tr|A0A8S3YQE6|A0A8S3YQE6_9EUPU Uncharacterized protein OS=Candidula unifasciata OX=100452 GN=CUNI_LOCUS3310 PE=4 SV=1
g17350.t1	tr|A0A7M7T4D8|A0A7M7T4D8_STRPU	Strongylocentrotus purpuratus	7668	Eukaryota; Metazoa; Echinodermata; Echinoidea; Camarodonta	30.833	95.0	1.14e-09	65.9	11	74	0	0	0	11	0	0	11	0.0	0.0	0.0	1.0	0.0	NON_ARTHROPOD_EUKARYOTE	NON_ARTHROPOD_EUKARYOTE	Non-arthropod eukaryote support 100.0% of taxonomically resolved qualifying hits.	tr|A0A7M7T4D8|A0A7M7T4D8_STRPU Uncharacterized protein OS=Strongylocentrotus purpuratus OX=7668 PE=4 SV=1
g17366.t1	tr|A0AAD6AD52|A0AAD6AD52_9TELE	Pogonophryne albipinna	1090488	Eukaryota; Metazoa; Chordata; Actinopteri; Perciformes	31.424	79.0	2.1e-05	59.7	5	31	0	0	0	5	0	0	5	0.0	0.0	0.0	1.0	0.0	NON_ARTHROPOD_EUKARYOTE	NON_ARTHROPOD_EUKARYOTE	Non-arthropod eukaryote support 100.0% of taxonomically resolved qualifying hits.	tr|A0AAD6AD52|A0AAD6AD52_9TELE Uncharacterized protein OS=Pogonophryne albipinna OX=1090488 GN=JOQ06_021790 PE=4 SV=1
g17412.t1	tr|A0A6J0UWA0|A0A6J0UWA0_9SAUR	Pogona vitticeps	103695	Eukaryota; Metazoa; Chordata; Lepidosauria; Squamata	34.848	76.0	0.006	44.3	2	10	0	0	0	2	0	0	2	0.0	0.0	0.0	1.0	0.0	NON_ARTHROPOD_EUKARYOTE	NON_ARTHROPOD_EUKARYOTE	Non-arthropod eukaryote support 100.0% of taxonomically resolved qualifying hits.	tr|A0A6J0UWA0|A0A6J0UWA0_9SAUR B-cell antigen receptor complex-associated protein alpha chain isoform X1 OS=Pogona vitticeps OX=103695 GN=CD79A PE=4 SV=2
g17888.t1	tr|A0AAE0Y5W7|A0AAE0Y5W7_9GAST	Elysia crispata	231223	Eukaryota; Metazoa; Mollusca; Gastropoda; 	36.458	98.0	2.9e-35	141.0	58	117	0	0	0	58	0	0	58	0.0	0.0	0.0	1.0	0.0	NON_ARTHROPOD_EUKARYOTE	NON_ARTHROPOD_EUKARYOTE	Non-arthropod eukaryote support 100.0% of taxonomically resolved qualifying hits.	tr|A0AAE0Y5W7|A0AAE0Y5W7_9GAST Uncharacterized protein OS=Elysia crispata OX=231223 GN=RRG08_004002 PE=4 SV=1
g17994.t1	tr|A0ABR1CSJ5|A0ABR1CSJ5_NECAM	Necator americanus	51031	Eukaryota; Metazoa; Nematoda; Chromadorea; Rhabditida	46.053	76.0	7.72e-11	64.7	7	10	0	0	0	7	0	0	7	0.0	0.0	0.0	1.0	0.0	NON_ARTHROPOD_EUKARYOTE	NON_ARTHROPOD_EUKARYOTE	Non-arthropod eukaryote support 100.0% of taxonomically resolved qualifying hits.	tr|A0ABR1CSJ5|A0ABR1CSJ5_NECAM Endonuclease/exonuclease/phosphatase domain-containing protein OS=Necator americanus OX=51031 GN=Necator_chrIII.g10025 PE=4 SV=1
g18200.t1	tr|A0ACE1PJV6|A0ACE1PJV6_BORSA	Boreogadus saida	44932	Eukaryota; Metazoa; Chordata; Actinopteri; Gadiformes	38.272	92.0	1.29e-10	66.6	54	71	0	0	0	54	0	0	54	0.0	0.0	0.0	1.0	0.0	NON_ARTHROPOD_EUKARYOTE	NON_ARTHROPOD_EUKARYOTE	Non-arthropod eukaryote support 100.0% of taxonomically resolved qualifying hits.	tr|A0ACE1PJV6|A0ACE1PJV6_BORSA Uncharacterized protein OS=Boreogadus saida OX=44932 GN=BORSAIPOL_LOCUS32800 PE=4 SV=1
g18235.t1	tr|A0ABQ0FQA3|A0ABQ0FQA3_APOSI	Apodemus speciosus	105296	Eukaryota; Metazoa; Chordata; Mammalia; Rodentia	34.043	85.0	3.06e-14	82.0	8	30	1	0	0	7	0	0	8	0.125	0.0	0.0	0.875	0.0	NON_ARTHROPOD_EUKARYOTE	NON_ARTHROPOD_EUKARYOTE	Non-arthropod eukaryote support 87.5% of taxonomically resolved qualifying hits.	tr|A0ABQ0FQA3|A0ABQ0FQA3_APOSI Uncharacterized protein OS=Apodemus speciosus OX=105296 GN=APTSU1_001666100 PE=4 SV=1
g18326.t1	tr|A0ACE2X333|A0ACE2X333_9TELE	Leuciscus chuanchicus	3231064	Eukaryota; Metazoa; Chordata; Actinopteri; Cypriniformes	42.453	86.0	2.04e-13	75.5	10	10	0	0	0	10	0	0	10	0.0	0.0	0.0	1.0	0.0	NON_ARTHROPOD_EUKARYOTE	NON_ARTHROPOD_EUKARYOTE	Non-arthropod eukaryote support 100.0% of taxonomically resolved qualifying hits.	tr|A0ACE2X333|A0ACE2X333_9TELE Uncharacterized protein OS=Leuciscus chuanchicus OX=3231064 GN=LCH_LOCUS9514 PE=4 SV=1
g18425.t1	tr|A0A9D4IHM2|A0A9D4IHM2_DREPO	Dreissena polymorpha	45954	Eukaryota; Metazoa; Mollusca; Bivalvia; Myida	52.885	95.0	1.01e-24	102.0	98	110	0	0	0	98	0	0	98	0.0	0.0	0.0	1.0	0.0	NON_ARTHROPOD_EUKARYOTE	NON_ARTHROPOD_EUKARYOTE	Non-arthropod eukaryote support 100.0% of taxonomically resolved qualifying hits.	tr|A0A9D4IHM2|A0A9D4IHM2_DREPO Uncharacterized protein OS=Dreissena polymorpha OX=45954 GN=DPMN_175882 PE=4 SV=1
g18490.t1	tr|A0A8K9XSN1|A0A8K9XSN1_ONCMY	Oncorhynchus mykiss	8022	Eukaryota; Metazoa; Chordata; Actinopteri; Salmoniformes	34.043	96.0	4.23e-41	164.0	102	158	0	0	0	102	0	0	102	0.0	0.0	0.0	1.0	0.0	NON_ARTHROPOD_EUKARYOTE	NON_ARTHROPOD_EUKARYOTE	Non-arthropod eukaryote support 100.0% of taxonomically resolved qualifying hits.	tr|A0A8K9XSN1|A0A8K9XSN1_ONCMY Uncharacterized protein OS=Oncorhynchus mykiss OX=8022 PE=4 SV=1
g18491.t1	tr|A0A8S3YQ89|A0A8S3YQ89_9EUPU	Candidula unifasciata	100452	Eukaryota; Metazoa; Mollusca; Gastropoda; Stylommatophora	32.632	97.0	1.31e-10	64.3	21	62	0	0	1	20	0	0	21	0.0	0.0	0.047619047619047616	0.9523809523809523	0.0	NON_ARTHROPOD_EUKARYOTE	NON_ARTHROPOD_EUKARYOTE	Non-arthropod eukaryote support 95.2% of taxonomically resolved qualifying hits.	tr|A0A8S3YQ89|A0A8S3YQ89_9EUPU Uncharacterized protein OS=Candidula unifasciata OX=100452 GN=CUNI_LOCUS4842 PE=4 SV=1
g18494.t1	tr|A0AAD9N9Z7|A0AAD9N9Z7_9ANNE	Paralvinella palmiformis	53620	Eukaryota; Metazoa; Annelida; Polychaeta; Terebellida	32.157	90.0	2.48e-26	116.0	5	12	0	0	0	5	0	0	5	0.0	0.0	0.0	1.0	0.0	NON_ARTHROPOD_EUKARYOTE	NON_ARTHROPOD_EUKARYOTE	Non-arthropod eukaryote support 100.0% of taxonomically resolved qualifying hits.	tr|A0AAD9N9Z7|A0AAD9N9Z7_9ANNE SWIM-type domain-containing protein OS=Paralvinella palmiformis OX=53620 GN=LSH36_151g07060 PE=4 SV=1
g18563.t1	tr|A0ABD3XE11|A0ABD3XE11_SINWO	Sinanodonta woodiana	1069815	Eukaryota; Metazoa; Mollusca; Bivalvia; Unionida	39.416	93.0	6.03e-25	104.0	22	47	0	0	0	22	0	0	22	0.0	0.0	0.0	1.0	0.0	NON_ARTHROPOD_EUKARYOTE	NON_ARTHROPOD_EUKARYOTE	Non-arthropod eukaryote support 100.0% of taxonomically resolved qualifying hits.	tr|A0ABD3XE11|A0ABD3XE11_SINWO Uncharacterized protein OS=Sinanodonta woodiana OX=1069815 GN=ACJMK2_024649 PE=4 SV=1
g18623.t1	tr|A0AAN8KP92|A0AAN8KP92_9TELE	Coregonus suidteri	861788	Eukaryota; Metazoa; Chordata; Actinopteri; Salmoniformes	45.0	88.0	3.01e-07	53.1	51	92	15	0	0	36	0	0	51	0.29411764705882354	0.0	0.0	0.7058823529411765	0.0	NON_ARTHROPOD_EUKARYOTE	NON_ARTHROPOD_EUKARYOTE	Non-arthropod eukaryote support 70.6% of taxonomically resolved qualifying hits.	tr|A0AAN8KP92|A0AAN8KP92_9TELE Uncharacterized protein (Fragment) OS=Coregonus suidteri OX=861788 GN=J4Q44_G00367650 PE=4 SV=1
g18747.t1	tr|A0AAN9AKZ9|A0AAN9AKZ9_9CAEN	Littorina saxatilis	31220	Eukaryota; Metazoa; Mollusca; Gastropoda; Littorinimorpha	41.176	99.0	1.67e-08	60.1	3	10	0	0	0	3	0	0	3	0.0	0.0	0.0	1.0	0.0	NON_ARTHROPOD_EUKARYOTE	NON_ARTHROPOD_EUKARYOTE	Non-arthropod eukaryote support 100.0% of taxonomically resolved qualifying hits.	tr|A0AAN9AKZ9|A0AAN9AKZ9_9CAEN OTU domain-containing protein OS=Littorina saxatilis OX=31220 GN=V1264_024666 PE=4 SV=1
g18760.t1	tr|A0AAE1FWS5|A0AAE1FWS5_PETCI	Petrolisthes cinctipes	88211	Eukaryota; Metazoa; Arthropoda; Malacostraca; Decapoda	45.522	94.0	7.08e-46	167.0	19	41	3	0	0	16	0	0	19	0.15789473684210525	0.0	0.0	0.8421052631578947	0.0	NON_ARTHROPOD_EUKARYOTE	NON_ARTHROPOD_EUKARYOTE	Non-arthropod eukaryote support 84.2% of taxonomically resolved qualifying hits.	tr|A0AAE1FWS5|A0AAE1FWS5_PETCI Uncharacterized protein OS=Petrolisthes cinctipes OX=88211 GN=Pcinc_014270 PE=4 SV=1
g18851.t1	tr|A0AAE1P5K4|A0AAE1P5K4_9EUCA	Petrolisthes manimaculis	1843537	Eukaryota; Metazoa; Arthropoda; Malacostraca; Decapoda	34.058	97.0	1.04e-22	112.0	5	24	1	0	0	4	0	0	5	0.2	0.0	0.0	0.8	0.0	NON_ARTHROPOD_EUKARYOTE	NON_ARTHROPOD_EUKARYOTE	Non-arthropod eukaryote support 80.0% of taxonomically resolved qualifying hits.	tr|A0AAE1P5K4|A0AAE1P5K4_9EUCA Uncharacterized protein OS=Petrolisthes manimaculis OX=1843537 GN=Pmani_026546 PE=4 SV=1
g18852.t1	tr|A0AAW0P1D2|A0AAW0P1D2_9GOBI	Mugilogobius chulae	88201	Eukaryota; Metazoa; Chordata; Actinopteri; Gobiiformes	32.042	98.0	1.07e-20	103.0	2	30	0	0	0	2	0	0	2	0.0	0.0	0.0	1.0	0.0	NON_ARTHROPOD_EUKARYOTE	NON_ARTHROPOD_EUKARYOTE	Non-arthropod eukaryote support 100.0% of taxonomically resolved qualifying hits.	tr|A0AAW0P1D2|A0AAW0P1D2_9GOBI Uncharacterized protein OS=Mugilogobius chulae OX=88201 GN=WMY93_011223 PE=4 SV=1
g18891.t1	tr|A0A8C4Q173|A0A8C4Q173_EPTBU	Eptatretus burgeri	7764	Eukaryota; Metazoa; Chordata; Myxini; Myxiniformes	51.724	100.0	1.74e-31	132.0	52	52	8	0	0	44	0	0	52	0.15384615384615385	0.0	0.0	0.8461538461538461	0.0	NON_ARTHROPOD_EUKARYOTE	NON_ARTHROPOD_EUKARYOTE	Non-arthropod eukaryote support 84.6% of taxonomically resolved qualifying hits.	tr|A0A8C4Q173|A0A8C4Q173_EPTBU Uncharacterized protein OS=Eptatretus burgeri OX=7764 PE=4 SV=1
g18894.t1	tr|A0A803V9Y7|A0A803V9Y7_FICAL	Ficedula albicollis	59894	Eukaryota; Metazoa; Chordata; Aves; Passeriformes	33.962	95.0	1.95e-08	59.7	3	90	0	0	0	3	0	0	3	0.0	0.0	0.0	1.0	0.0	NON_ARTHROPOD_EUKARYOTE	NON_ARTHROPOD_EUKARYOTE	Non-arthropod eukaryote support 100.0% of taxonomically resolved qualifying hits.	tr|A0A803V9Y7|A0A803V9Y7_FICAL Uncharacterized protein OS=Ficedula albicollis OX=59894 PE=4 SV=1
g18994.t1	tr|A0A2J7QFW4|A0A2J7QFW4_9NEOP	Cryptotermes secundus	105785	Eukaryota; Metazoa; Arthropoda; Insecta; Blattodea	98.684	79.0	3.15e-49	163.0	10	10	3	0	0	7	0	0	10	0.3	0.0	0.0	0.7	0.0	NON_ARTHROPOD_EUKARYOTE	NON_ARTHROPOD_EUKARYOTE	Non-arthropod eukaryote support 70.0% of taxonomically resolved qualifying hits.	tr|A0A2J7QFW4|A0A2J7QFW4_9NEOP Tubulin alpha chain OS=Cryptotermes secundus OX=105785 GN=B7P43_G16906 PE=3 SV=1
g19070.t1	tr|A0A401QC21|A0A401QC21_SCYTO	Scyliorhinus torazame	75743	Eukaryota; Metazoa; Chordata; Chondrichthyes; Carcharhiniformes	37.452	98.0	2.49e-61	208.0	6	100	0	0	0	6	0	0	6	0.0	0.0	0.0	1.0	0.0	NON_ARTHROPOD_EUKARYOTE	NON_ARTHROPOD_EUKARYOTE	Non-arthropod eukaryote support 100.0% of taxonomically resolved qualifying hits.	tr|A0A401QC21|A0A401QC21_SCYTO Uncharacterized protein (Fragment) OS=Scyliorhinus torazame OX=75743 GN=scyTo_0023510 PE=4 SV=1
g19170.t1	tr|A0AAV7R3H1|A0AAV7R3H1_PLEWA	Pleurodeles waltl	8319	Eukaryota; Metazoa; Chordata; Amphibia; Caudata	39.947	99.0	8.89e-38	155.0	11	237	0	0	0	11	0	0	11	0.0	0.0	0.0	1.0	0.0	NON_ARTHROPOD_EUKARYOTE	NON_ARTHROPOD_EUKARYOTE	Non-arthropod eukaryote support 100.0% of taxonomically resolved qualifying hits.	tr|A0AAV7R3H1|A0AAV7R3H1_PLEWA Uncharacterized protein OS=Pleurodeles waltl OX=8319 GN=NDU88_000195 PE=4 SV=1
g19265.t1	tr|A0A8S1A5T9|A0A8S1A5T9_ARCPL	Arctia plantaginis	874455	Eukaryota; Metazoa; Arthropoda; Insecta; Lepidoptera	36.776	93.0	0.0	582.0	5	10	1	0	0	4	0	0	5	0.2	0.0	0.0	0.8	0.0	NON_ARTHROPOD_EUKARYOTE	NON_ARTHROPOD_EUKARYOTE	Non-arthropod eukaryote support 80.0% of taxonomically resolved qualifying hits.	tr|A0A8S1A5T9|A0A8S1A5T9_ARCPL RNA-directed DNA polymerase OS=Arctia plantaginis OX=874455 GN=APLA_LOCUS8054 PE=4 SV=1
g19393.t1	tr|A0A8U0QCW3|A0A8U0QCW3_SALNM	Salvelinus namaycush	8040	Eukaryota; Metazoa; Chordata; Actinopteri; Salmoniformes	32.16	94.0	3.17e-78	271.0	24	58	0	5	0	19	0	0	24	0.0	0.20833333333333334	0.0	0.7916666666666666	0.0	NON_ARTHROPOD_EUKARYOTE	NON_ARTHROPOD_EUKARYOTE	Non-arthropod eukaryote support 79.2% of taxonomically resolved qualifying hits.	tr|A0A8U0QCW3|A0A8U0QCW3_SALNM Hyphal wall protein 2-like isoform X2 OS=Salvelinus namaycush OX=8040 GN=LOC120039314 PE=4 SV=1
g19413.t1	tr|A0A3P8T634|A0A3P8T634_AMPPE	Amphiprion percula	161767	Eukaryota; Metazoa; Chordata; Actinopteri; 	41.762	77.0	2.54e-58	201.0	26	49	1	0	0	25	0	0	26	0.038461538461538464	0.0	0.0	0.9615384615384616	0.0	NON_ARTHROPOD_EUKARYOTE	NON_ARTHROPOD_EUKARYOTE	Non-arthropod eukaryote support 96.2% of taxonomically resolved qualifying hits.	tr|A0A3P8T634|A0A3P8T634_AMPPE C2H2-type domain-containing protein OS=Amphiprion percula OX=161767 PE=3 SV=1
g19458.t1	tr|A0A8C5U974|A0A8C5U974_9PASS	Malurus cyaneus samueli	2593467	Eukaryota; Metazoa; Chordata; Aves; Passeriformes	100.0	100.0	6.52e-93	273.0	10	10	0	0	0	10	0	0	10	0.0	0.0	0.0	1.0	0.0	NON_ARTHROPOD_EUKARYOTE	NON_ARTHROPOD_EUKARYOTE	Non-arthropod eukaryote support 100.0% of taxonomically resolved qualifying hits.	tr|A0A8C5U974|A0A8C5U974_9PASS Histone H3 OS=Malurus cyaneus samueli OX=2593467 PE=3 SV=1
g19532.t1	tr|L5LNI4|L5LNI4_MYODS	Myotis davidii	225400	Eukaryota; Metazoa; Chordata; Mammalia; Chiroptera	43.633	98.0	1.81e-164	495.0	193	207	0	0	0	193	0	0	193	0.0	0.0	0.0	1.0	0.0	NON_ARTHROPOD_EUKARYOTE	NON_ARTHROPOD_EUKARYOTE	Non-arthropod eukaryote support 100.0% of taxonomically resolved qualifying hits.	tr|L5LNI4|L5LNI4_MYODS Neurofilament heavy polypeptide (Fragment) OS=Myotis davidii OX=225400 GN=MDA_GLEAN10010101 PE=4 SV=1
g19542.t1	tr|A0A484MRV7|A0A484MRV7_9ASTE	Cuscuta campestris	132261	Eukaryota; Viridiplantae; Streptophyta; Magnoliopsida; Solanales	39.806	73.0	5.57e-60	209.0	4	10	0	0	0	4	0	0	4	0.0	0.0	0.0	1.0	0.0	NON_ARTHROPOD_EUKARYOTE	NON_ARTHROPOD_EUKARYOTE	Non-arthropod eukaryote support 100.0% of taxonomically resolved qualifying hits.	tr|A0A484MRV7|A0A484MRV7_9ASTE CCHC-type domain-containing protein (Fragment) OS=Cuscuta campestris OX=132261 GN=CCAM_LOCUS33419 PE=4 SV=1
g19632.t1	tr|A0ABR2R171|A0ABR2R171_9ROSI	Hibiscus sabdariffa	183260	Eukaryota; Viridiplantae; Streptophyta; Magnoliopsida; Malvales	35.572	96.0	4.34e-63	221.0	3	11	0	0	0	3	0	0	3	0.0	0.0	0.0	1.0	0.0	NON_ARTHROPOD_EUKARYOTE	NON_ARTHROPOD_EUKARYOTE	Non-arthropod eukaryote support 100.0% of taxonomically resolved qualifying hits.	tr|A0ABR2R171|A0ABR2R171_9ROSI CCHC-type domain-containing protein OS=Hibiscus sabdariffa OX=183260 GN=V6N11_019023 PE=4 SV=1
g19633.t1	tr|A0ABR2G405|A0ABR2G405_9ROSI	Hibiscus sabdariffa	183260	Eukaryota; Viridiplantae; Streptophyta; Magnoliopsida; Malvales	60.125	99.0	7.71e-132	387.0	10	10	0	0	0	10	0	0	10	0.0	0.0	0.0	1.0	0.0	NON_ARTHROPOD_EUKARYOTE	NON_ARTHROPOD_EUKARYOTE	Non-arthropod eukaryote support 100.0% of taxonomically resolved qualifying hits.	tr|A0ABR2G405|A0ABR2G405_9ROSI Reverse transcriptase Ty1/copia-type domain-containing protein OS=Hibiscus sabdariffa OX=183260 GN=V6N12_045854 PE=4 SV=1
g19637.t1	tr|A0A843WGY1|A0A843WGY1_COLES	Colocasia esculenta	4460	Eukaryota; Viridiplantae; Streptophyta; Magnoliopsida; Alismatales	38.202	72.0	2.07e-10	66.6	8	10	0	0	0	8	0	0	8	0.0	0.0	0.0	1.0	0.0	NON_ARTHROPOD_EUKARYOTE	NON_ARTHROPOD_EUKARYOTE	Non-arthropod eukaryote support 100.0% of taxonomically resolved qualifying hits.	tr|A0A843WGY1|A0A843WGY1_COLES Uncharacterized protein (Fragment) OS=Colocasia esculenta OX=4460 GN=Taro_039842 PE=4 SV=1
g19640.t1	tr|A0ACM7BQC9|A0ACM7BQC9_ELAGV	Elaeis guineensis var. tenera	51953	Eukaryota; Viridiplantae; Streptophyta; Magnoliopsida; Arecales	58.034	91.0	2.93e-144	432.0	3	10	0	0	0	3	0	0	3	0.0	0.0	0.0	1.0	0.0	NON_ARTHROPOD_EUKARYOTE	NON_ARTHROPOD_EUKARYOTE	Non-arthropod eukaryote support 100.0% of taxonomically resolved qualifying hits.	tr|A0ACM7BQC9|A0ACM7BQC9_ELAGV Uncharacterized protein OS=Elaeis guineensis var. tenera OX=51953 GN=LOC140853682 PE=4 SV=1
g19641.t1	tr|A0ACM7CTP7|A0ACM7CTP7_ELAGV	Elaeis guineensis var. tenera	51953	Eukaryota; Viridiplantae; Streptophyta; Magnoliopsida; Arecales	71.94	81.0	2.93e-149	437.0	4	11	0	0	0	4	0	0	4	0.0	0.0	0.0	1.0	0.0	NON_ARTHROPOD_EUKARYOTE	NON_ARTHROPOD_EUKARYOTE	Non-arthropod eukaryote support 100.0% of taxonomically resolved qualifying hits.	tr|A0ACM7CTP7|A0ACM7CTP7_ELAGV Uncharacterized protein OS=Elaeis guineensis var. tenera OX=51953 GN=LOC140859630 PE=4 SV=1
g19642.t1	tr|A0A8K0INT8|A0A8K0INT8_COCNU	Cocos nucifera	13894	Eukaryota; Viridiplantae; Streptophyta; Magnoliopsida; Arecales	81.474	100.0	0.0	1675.0	10	10	0	0	0	10	0	0	10	0.0	0.0	0.0	1.0	0.0	NON_ARTHROPOD_EUKARYOTE	NON_ARTHROPOD_EUKARYOTE	Non-arthropod eukaryote support 100.0% of taxonomically resolved qualifying hits.	tr|A0A8K0INT8|A0A8K0INT8_COCNU Uncharacterized protein OS=Cocos nucifera OX=13894 GN=COCNU_11G005880 PE=4 SV=1
g19643.t1	tr|A0A8K0INT8|A0A8K0INT8_COCNU	Cocos nucifera	13894	Eukaryota; Viridiplantae; Streptophyta; Magnoliopsida; Arecales	69.841	99.0	0.0	566.0	10	10	0	0	0	10	0	0	10	0.0	0.0	0.0	1.0	0.0	NON_ARTHROPOD_EUKARYOTE	NON_ARTHROPOD_EUKARYOTE	Non-arthropod eukaryote support 100.0% of taxonomically resolved qualifying hits.	tr|A0A8K0INT8|A0A8K0INT8_COCNU Uncharacterized protein OS=Cocos nucifera OX=13894 GN=COCNU_11G005880 PE=4 SV=1
g19814.t1	tr|A0A1V9EK94|A0A1V9EK94_9BACT	Niastella populi	550983	Bacteria; Pseudomonadati; Bacteroidota; Chitinophagia; Chitinophagales	39.024	86.0	4.51e-47	162.0	163	173	0	5	0	158	0	0	163	0.0	0.03067484662576687	0.0	0.9693251533742331	0.0	NON_ARTHROPOD_EUKARYOTE	NON_ARTHROPOD_EUKARYOTE	Non-arthropod eukaryote support 96.9% of taxonomically resolved qualifying hits.	tr|A0A1V9EK94|A0A1V9EK94_9BACT Uncharacterized protein OS=Niastella populi OX=550983 GN=A4R26_07355 PE=4 SV=1
